id,title,artist_id,image_id,itunes_link,happy,sad,angry,disgust,surprise,fear
1,おジャ魔女カーニバル!!,31,40,*,3.4418604651162785,1.3255813953488371,5.7441860465116275,3.6279069767441854,4.069767441860465,2.9069767441860463
2,裸の心,6,9,https://itunes.apple.com/jp/album/id1508133094?i=1508133095&uo=4&app=itunes&at=1l3v3es,2.2222222222222223,3.055555555555556,5.277777777777779,4.916666666666667,1.9722222222222223,2.0
3,風のとおり道,147,254,*,2.333333333333333,1.7333333333333334,5.933333333333334,3.6,5.066666666666666,4.533333333333333
4,東京フラッシュ,94,156,https://itunes.apple.com/jp/album/id1487570513?i=1487570518&uo=4&app=itunes&at=1l3v3es,2.5,2.36,3.4,5.84,3.78,3.12
5,Butter-Fly,83,125,https://itunes.apple.com/jp/album/id520531138?i=520531141&uo=4&app=itunes&at=1l3v3es,3.1071428571428568,2.321428571428572,3.8571428571428568,3.2857142857142856,3.5357142857142856,2.821428571428572
6,未完成,20,25,https://itunes.apple.com/jp/album/id1494833658?i=1494833659&uo=4&app=itunes&at=1l3v3es,2.7966101694915246,2.220338983050848,10.372881355932204,4.016949152542373,1.4745762711864407,1.915254237288136
7,シャイノグラフィ,148,255,https://itunes.apple.com/jp/album/id1503165315?i=1503165316&uo=4&app=itunes&at=1l3v3es,4.979591836734694,1.673469387755102,5.326530612244898,4.551020408163264,2.489795918367347,2.1020408163265305
8,三文小説,13,256,*,2.342857142857143,1.6571428571428573,7.8,4.442857142857143,1.9,2.257142857142857
9,廻廻奇譚,3,1,https://itunes.apple.com/jp/album/id1533208084?i=1533208085&uo=4&app=itunes&at=1l3v3es,1.3272727272727274,2.0727272727272728,7.254545454545455,5.672727272727273,2.9454545454545453,3.2363636363636363
10,イエスタデイ,4,10,https://itunes.apple.com/jp/album/id1479397582?i=1479397583&uo=4&app=itunes&at=1l3v3es,2.0,2.833333333333333,4.7,3.966666666666667,2.3666666666666667,3.3
11,群青,18,22,https://itunes.apple.com/jp/album/id1528119626?i=1528119630&uo=4&app=itunes&at=1l3v3es,2.0933333333333333,2.3066666666666658,4.88,5.706666666666668,2.6666666666666665,3.066666666666667
12,高嶺の花子さん,11,124,https://itunes.apple.com/jp/album/id1180805521?i=1180805780&uo=4&app=itunes&at=1l3v3es,3.3703703703703702,2.5185185185185186,4.5555555555555545,4.407407407407407,2.962962962962963,4.148148148148148
13,あの夢をなぞって,18,29,https://itunes.apple.com/jp/album/id1494399110?i=1494399118&uo=4&app=itunes&at=1l3v3es,3.1739130434782608,2.130434782608696,5.717391304347826,4.543478260869565,2.5434782608695654,2.608695652173913
14,怪物さん feat.あいみょん,62,83,https://itunes.apple.com/jp/album/id1502502692?i=1502502693&uo=4&app=itunes&at=1l3v3es,0.7804878048780488,3.463414634146341,8.926829268292684,3.5853658536585367,1.9756097560975607,2.731707317073171
15,Night Diver,74,107,https://itunes.apple.com/jp/album/id1523022713?i=1523022714&uo=4&app=itunes&at=1l3v3es,2.863636363636364,2.409090909090909,5.0227272727272725,6.4318181818181825,1.7954545454545454,2.113636363636364
16,青春病,21,257,*,1.8723404255319152,2.851063829787234,5.297872340425532,5.723404255319148,3.723404255319149,4.0638297872340425
17,"Stand by me, Stand by you.",76,110,https://itunes.apple.com/jp/album/id1529408163?i=1529408164&uo=4&app=itunes&at=1l3v3es,2.4047619047619047,3.023809523809524,5.166666666666667,4.285714285714286,3.238095238095238,2.6904761904761907
18,turn over?,45,57,https://itunes.apple.com/jp/album/id1530135666?i=1530135667&uo=4&app=itunes&at=1l3v3es,2.771428571428572,1.8571428571428568,5.228571428571429,4.8285714285714265,2.4857142857142858,2.1714285714285717
19,僕のこと,104,169,https://itunes.apple.com/jp/album/id1445145788?i=1445145789&uo=4&app=itunes&at=1l3v3es,2.6333333333333333,2.6166666666666667,4.766666666666667,4.766666666666667,2.816666666666667,2.6
20,スパークル [original ver.],5,8,*,3.5384615384615383,1.948717948717949,5.384615384615384,4.717948717948718,2.5641025641025643,3.2564102564102564
21,Break,61,149,https://itunes.apple.com/jp/album/id1534199321?i=1534199322&uo=4&app=itunes&at=1l3v3es,2.4838709677419355,2.7096774193548385,4.161290322580645,4.161290322580645,2.6129032258064515,3.419354838709677
22,I LOVE...,4,23,https://itunes.apple.com/jp/album/id1492963534?i=1492963535&uo=4&app=itunes&at=1l3v3es,2.36,2.72,6.44,3.64,3.28,3.48
23,アカシア,55,75,https://itunes.apple.com/jp/album/id1532188552?i=1532188553&uo=4&app=itunes&at=1l3v3es,3.310344827586207,2.5517241379310347,3.5172413793103448,3.9655172413793123,3.4137931034482767,3.5517241379310347
24,星影のエール,44,56,https://itunes.apple.com/jp/album/id1518164956?i=1518164957&uo=4&app=itunes&at=1l3v3es,5.064516129032258,2.161290322580645,5.161290322580643,4.67741935483871,3.0645161290322585,2.6129032258064515
25,NAVIGATOR,71,100,*,3.2857142857142856,1.5934065934065933,5.153846153846153,4.219780219780221,4.0989010989010985,3.021978021978022
26,サントラ,101,155,https://itunes.apple.com/jp/album/id1519406006?i=1519406007&uo=4&app=itunes&at=1l3v3es,1.608108108108108,1.5810810810810811,6.648648648648647,6.621621621621622,1.8243243243243243,2.5945945945945947
27,紅葉(もみじ),82,123,*,4.5,2.25,4.875,4.375,3.75,2.625
28,お願いマッスル,65,86,https://itunes.apple.com/jp/album/id1472479375?i=1472479680&uo=4&app=itunes&at=1l3v3es,3.9912280701754392,1.4912280701754386,7.63157894736842,5.280701754385965,3.4736842105263164,2.7105263157894743
29,どろん,13,15,https://itunes.apple.com/jp/album/id1491123946?i=1491123948&uo=4&app=itunes&at=1l3v3es,1.6575342465753424,1.7808219178082192,7.054794520547945,4.369863013698629,3.191780821917808,3.1232876712328768
30,それでいいよ,149,258,*,4.842105263157895,2.245614035087719,4.684210526315789,4.842105263157895,1.7368421052631582,2.017543859649123
31,そっけない,5,89,https://itunes.apple.com/jp/album/id1442510894?i=1442511586&uo=4&app=itunes&at=1l3v3es,1.2,2.425,10.175,4.3,2.1,3.15
32,へでもねーよ,21,259,*,1.8823529411764703,1.3823529411764706,11.382352941176471,3.852941176470588,2.0294117647058822,1.9117647058823528
33,クリスマスソング,11,76,https://itunes.apple.com/jp/album/id1059632443?i=1059632454&uo=4&app=itunes&at=1l3v3es,1.8888888888888888,2.1111111111111107,7.133333333333334,4.755555555555556,2.533333333333333,2.4
34,カタオモイ,118,226,https://itunes.apple.com/jp/album/id1143992407?i=1143992597&uo=4&app=itunes&at=1l3v3es,1.6333333333333333,2.6333333333333333,9.866666666666667,4.066666666666666,1.2666666666666666,1.3333333333333333
35,Flamingo,2,78,https://itunes.apple.com/jp/album/id1439392774?i=1439392775&uo=4&app=itunes&at=1l3v3es,1.0416666666666667,1.7916666666666667,5.083333333333333,5.541666666666668,1.9583333333333333,3.125
36,チェリー,92,142,https://itunes.apple.com/jp/album/id1250237998?i=1250238524&uo=4&app=itunes&at=1l3v3es,1.5,2.45,2.9,3.35,2.05,2.85
37,Gravity,55,71,https://itunes.apple.com/jp/album/id1530011440?i=1530011442&uo=4&app=itunes&at=1l3v3es,2.1794871794871797,3.3076923076923075,3.948717948717949,3.615384615384616,2.769230769230769,3.051282051282051
38,正解(18FES ver.),5,89,https://itunes.apple.com/jp/album/id1442510894?i=1442512143&uo=4&app=itunes&at=1l3v3es,2.4166666666666665,2.805555555555556,6.8611111111111125,3.0,2.833333333333333,2.9722222222222223
39,鱗(うろこ),93,143,https://itunes.apple.com/jp/album/id714611356?i=714611440&uo=4&app=itunes&at=1l3v3es,2.458333333333333,2.208333333333333,3.875,2.9166666666666665,3.25,2.208333333333333
40,劣等上等,52,66,*,1.6071428571428572,1.8035714285714288,7.321428571428571,4.839285714285714,2.357142857142857,2.642857142857143
41,眠り姫,35,61,https://itunes.apple.com/jp/album/id984426527?i=984426767&uo=4&app=itunes&at=1l3v3es,2.7575757575757582,3.060606060606061,4.0,2.9090909090909087,5.212121212121212,3.515151515151515
42,ヒプノシスマイク -Division Battle Anthem- +,34,44,*,2.2674897119341564,1.5226337448559668,7.917695473251027,5.522633744855965,3.1358024691358017,3.0452674897119336
43,宿命,4,53,https://itunes.apple.com/jp/album/id1479397582?i=1479397584&uo=4&app=itunes&at=1l3v3es,1.5882352941176472,3.3235294117647056,6.352941176470589,4.852941176470588,2.088235294117647,2.9411764705882355
44,さよならエレジー,87,199,https://itunes.apple.com/jp/album/id1348177013?i=1348177152&uo=4&app=itunes&at=1l3v3es,1.7307692307692308,3.1923076923076925,6.230769230769233,5.038461538461538,1.7307692307692308,2.0384615384615383
45,タッチ,37,60,*,4.72463768115942,3.0144927536231885,3.3043478260869565,3.1594202898550723,4.9275362318840585,2.4782608695652173
46,Lemon,2,159,https://itunes.apple.com/jp/album/id1354291125?i=1354291833&uo=4&app=itunes&at=1l3v3es,1.475,5.125,4.85,5.475,1.725,2.75
47,Mela!,43,55,https://itunes.apple.com/jp/album/id1504038574?i=1504038727&uo=4&app=itunes&at=1l3v3es,1.4634146341463414,2.0975609756097557,5.902439024390246,5.048780487804878,2.8292682926829267,3.829268292682927
48,灰色と青 ( + 菅田将暉),2,36,https://itunes.apple.com/jp/album/id1292541373?i=1292541886&uo=4&app=itunes&at=1l3v3es,3.136363636363636,3.0454545454545454,3.7954545454545454,3.9090909090909087,3.1590909090909087,3.5681818181818183
49,キセキ,44,145,https://itunes.apple.com/jp/album/id1502527092?i=1502527097&uo=4&app=itunes&at=1l3v3es,2.3875,1.3375,7.6625,5.05,3.475,2.825
50,napori,94,144,https://itunes.apple.com/jp/album/id1510476293?i=1510476631&uo=4&app=itunes&at=1l3v3es,2.230769230769231,1.9230769230769231,9.461538461538463,4.461538461538462,2.5961538461538463,2.5
51,ロメオ,49,62,https://itunes.apple.com/jp/album/id1206728576?i=1206728672&uo=4&app=itunes&at=1l3v3es,3.35,2.5,7.4,3.75,2.583333333333333,2.65
52,ANIMA,12,14,https://itunes.apple.com/jp/album/id1520323299?i=1520323300&uo=4&app=itunes&at=1l3v3es,1.891304347826087,2.608695652173913,5.608695652173912,4.065217391304348,4.956521739130435,3.065217391304348
53,帰ろう,21,27,https://itunes.apple.com/jp/album/id1505498769?i=1505498795&uo=4&app=itunes&at=1l3v3es,1.574468085106383,2.1702127659574466,7.148936170212767,5.574468085106383,1.5319148936170213,2.5106382978723403
54,電乱★カウントダウン,95,163,https://itunes.apple.com/jp/album/id339892444?i=339892531&uo=4&app=itunes&at=1l3v3es,3.882352941176471,2.117647058823529,5.470588235294118,3.0294117647058822,2.5294117647058822,2.235294117647059
55,種のうた,16,128,https://itunes.apple.com/jp/album/id749731682?i=749731783&uo=4&app=itunes&at=1l3v3es,2.6666666666666665,1.2222222222222223,6.888888888888888,5.0,2.555555555555556,2.0
56,アイノカタチ feat.HIDE(GReeeeN),68,90,https://itunes.apple.com/jp/album/id1414216078?i=1414216695&uo=4&app=itunes&at=1l3v3es,2.3181818181818183,4.454545454545454,3.136363636363636,3.090909090909092,3.4545454545454546,2.0454545454545454
57,パプリカ,89,137,https://itunes.apple.com/jp/album/id1420019298?i=1420019802&uo=4&app=itunes&at=1l3v3es,3.806451612903226,1.9677419354838708,9.677419354838714,3.3870967741935485,2.4838709677419355,1.6129032258064515
58,マシマロ,6,49,https://itunes.apple.com/jp/album/id1525539754?i=1525540121&uo=4&app=itunes&at=1l3v3es,2.392857142857143,1.3928571428571428,5.571428571428571,6.5,3.2857142857142856,3.071428571428572
59,君の彼氏になりたい。,48,164,*,2.0357142857142856,2.107142857142857,5.214285714285714,5.946428571428571,2.6607142857142856,2.7142857142857144
60,まちがいさがし,87,135,https://itunes.apple.com/jp/album/id1468228241?i=1468228242&uo=4&app=itunes&at=1l3v3es,1.5714285714285714,3.1071428571428568,4.0,4.607142857142857,3.7142857142857135,4.571428571428571
61,君はロックを聴かない,6,126,https://itunes.apple.com/jp/album/id1273709789?i=1273709797&uo=4&app=itunes&at=1l3v3es,1.9230769230769231,2.6153846153846154,5.230769230769232,4.384615384615385,2.6153846153846154,2.2820512820512806
62,3月9日,107,177,https://itunes.apple.com/jp/album/id919904159?i=919904180&uo=4&app=itunes&at=1l3v3es,3.5161290322580645,1.6451612903225807,5.161290322580643,4.935483870967742,2.0,2.548387096774193
63,A・RA・SHI,39,99,*,2.6326530612244903,3.5306122448979598,4.7346938775510194,4.204081632653061,2.7551020408163267,2.3877551020408165
64,シルエット,17,21,https://itunes.apple.com/jp/album/id950628211?i=950628223&uo=4&app=itunes&at=1l3v3es,2.0625,2.59375,7.0,4.375,2.9375,3.40625
65,Decollete,2,26,https://itunes.apple.com/jp/album/id1521414178?i=1521414460&uo=4&app=itunes&at=1l3v3es,1.0,2.3,8.2,3.9,1.9,3.0
66,君がいる世界,10,3,*,2.347826086956522,3.565217391304348,4.5,3.3260869565217392,2.8043478260869565,3.3695652173913038
67,Good Love Your Love,150,260,*,3.4390243902439024,1.9268292682926829,7.195121951219512,3.317073170731707,2.4390243902439024,2.1707317073170733
68,恋人ごっこ,78,114,https://itunes.apple.com/jp/album/id1501480102?i=1501480114&uo=4&app=itunes&at=1l3v3es,1.8378378378378384,2.5675675675675675,5.864864864864867,3.4054054054054053,3.1621621621621623,2.810810810810811
69,小さな恋のうた,50,64,https://itunes.apple.com/jp/album/id273169161?i=273169347&uo=4&app=itunes&at=1l3v3es,3.0,4.5625,5.0,3.0625,2.75,1.875
70,silent,35,45,https://itunes.apple.com/jp/album/id1535412387?i=1535412388&uo=4&app=itunes&at=1l3v3es,1.3409090909090908,2.590909090909091,3.886363636363636,5.227272727272728,3.477272727272727,5.568181818181818
71,PLACEBO ＋ 野田洋次郎,2,26,https://itunes.apple.com/jp/album/id1521414178?i=1521414182&uo=4&app=itunes&at=1l3v3es,1.5142857142857142,2.1714285714285717,3.8857142857142857,4.885714285714286,3.914285714285714,3.6857142857142855
72,Never Grow Up,151,261,https://itunes.apple.com/jp/album/id1468137281?i=1468137287&uo=4&app=itunes&at=1l3v3es,1.7142857142857142,2.673469387755102,6.8979591836734695,4.285714285714286,2.8979591836734686,2.9387755102040822
73,竈門炭治郎のうた,53,69,https://itunes.apple.com/jp/album/id1476511580?i=1476511583&uo=4&app=itunes&at=1l3v3es,1.0,4.652173913043479,6.478260869565218,5.695652173913044,2.608695652173913,3.9565217391304346
74,じゃあね。,70,122,*,4.25,2.066666666666667,8.266666666666667,3.55,2.9166666666666665,2.2
75,LOST IN PARADISE feat. AKLO,73,105,*,5.953488372093022,1.7558139534883719,3.6279069767441854,2.9069767441860463,3.581395348837209,2.6162790697674416
76,風を食む,19,140,https://itunes.apple.com/jp/album/id1533203262?i=1533203274&uo=4&app=itunes&at=1l3v3es,2.075,1.675,5.8,4.075,3.15,3.05
77,いつか,59,131,https://itunes.apple.com/jp/album/id1229933632?i=1229933643&uo=4&app=itunes&at=1l3v3es,2.673469387755102,2.346938775510204,5.081632653061225,4.530612244897959,3.2244897959183683,4.428571428571429
78,ライオン,86,132,*,1.5686274509803917,2.176470588235294,4.627450980392157,5.078431372549018,2.8039215686274512,2.9019607843137254
79,よるのあと,102,157,https://itunes.apple.com/jp/album/id1485697870?i=1485697872&uo=4&app=itunes&at=1l3v3es,1.5609756097560976,2.609756097560976,6.2926829268292686,4.512195121951219,1.6097560975609757,2.975609756097561
80,Make you happy,24,32,https://itunes.apple.com/jp/album/id1519410580?i=1519410583&uo=4&app=itunes&at=1l3v3es,3.7,3.0,3.2666666666666666,2.533333333333333,3.333333333333333,1.8166666666666669
81,長崎の鐘,98,151,https://itunes.apple.com/jp/album/id592030379?i=592030387&uo=4&app=itunes&at=1l3v3es,2.055555555555556,3.7777777777777777,4.4444444444444455,4.0,4.388888888888889,3.5
82,全力少年,108,223,https://itunes.apple.com/jp/album/id1216560208?i=1216560219&uo=4&app=itunes&at=1l3v3es,1.24,2.56,5.92,3.88,2.72,3.6
83,木綿のハンカチーフ,26,34,*,2.5,3.138888888888889,6.3611111111111125,3.888888888888889,2.0,1.9722222222222223
84,TEENAGE RIOT,2,78,https://itunes.apple.com/jp/album/id1439392774?i=1439392776&uo=4&app=itunes&at=1l3v3es,2.0,1.4615384615384617,5.538461538461538,5.346153846153847,2.423076923076924,2.769230769230769
85,アイネクライネ,2,138,https://itunes.apple.com/jp/album/id1440791809?i=1440792118&uo=4&app=itunes&at=1l3v3es,2.95,4.425,3.925,4.525,1.725,2.325
86,紅蓮華,1,91,https://itunes.apple.com/jp/album/id1468234376?i=1468234377&uo=4&app=itunes&at=1l3v3es,1.5,4.566666666666666,5.466666666666668,4.933333333333334,2.3,4.333333333333333
87,振り子,61,149,https://itunes.apple.com/jp/album/id1534199321?i=1534199328&uo=4&app=itunes&at=1l3v3es,1.4848484848484849,1.8787878787878791,5.03030303030303,7.575757575757576,2.484848484848485,3.303030303030303
88,ノーダウト,4,262,https://itunes.apple.com/jp/album/id1530323901?i=1530323902&uo=4&app=itunes&at=1l3v3es,1.3043478260869563,4.173913043478262,6.8260869565217375,4.239130434782608,2.5217391304347827,3.1304347826086962
89,食虫植物,106,173,https://itunes.apple.com/jp/album/id1525173677?i=1525173679&uo=4&app=itunes&at=1l3v3es,1.88,3.68,6.08,5.92,3.68,3.36
90,ヒプノシスマイク -Division Rap Battle-＋,34,146,https://itunes.apple.com/jp/album/id1297889685?i=1297889689&uo=4&app=itunes&at=1l3v3es,2.377049180327869,1.7418032786885247,6.758196721311475,5.8770491803278695,2.9631147540983607,2.8442622950819683
91,わがまま,51,65,https://itunes.apple.com/jp/album/id1499292552?i=1499292558&uo=4&app=itunes&at=1l3v3es,2.9411764705882355,1.3529411764705883,6.529411764705883,4.235294117647058,1.4117647058823528,1.6470588235294117
92,HELLO,4,41,*,3.4074074074074074,2.2222222222222223,5.962962962962963,3.4814814814814814,2.6666666666666665,4.111111111111111
93,パラボラ,4,13,https://itunes.apple.com/jp/album/id1505478864?i=1505478865&uo=4&app=itunes&at=1l3v3es,2.5,2.2857142857142856,4.5,4.857142857142857,3.2857142857142856,3.2142857142857144
94,生活(仮),10,3,*,4.434782608695652,2.782608695652174,3.0434782608695654,3.5217391304347827,2.4782608695652173,2.391304347826087
95,Telescope,152,263,*,2.3170731707317067,2.414634146341464,6.024390243902439,5.585365853658537,2.9512195121951224,2.609756097560976
96,ただ君に晴れ,19,24,https://itunes.apple.com/jp/album/id1374108987?i=1374109000&uo=4&app=itunes&at=1l3v3es,2.264705882352941,1.6470588235294117,6.647058823529411,5.0,3.4117647058823533,2.323529411764706
97,愛のうた,16,20,https://itunes.apple.com/jp/album/id715706762?i=715708921&uo=4&app=itunes&at=1l3v3es,2.8,2.2,6.35,4.95,2.9,3.25
98,香水,80,118,https://itunes.apple.com/jp/album/id1460439001?i=1460439002&uo=4&app=itunes&at=1l3v3es,2.2333333333333334,3.7,6.833333333333332,4.066666666666666,1.6333333333333333,2.1666666666666665
99,"Good Vibes Only feat. JP THE WAVY, EXILE SHOKICHI",28,121,https://itunes.apple.com/jp/album/id1495919554?i=1495919555&uo=4&app=itunes&at=1l3v3es,3.806451612903226,1.9677419354838708,9.677419354838714,3.3870967741935485,2.4838709677419355,1.6129032258064515
100,ORESEN,10,3,*,2.0294117647058822,1.4117647058823528,6.382352941176473,3.9117647058823533,2.9411764705882355,3.2058823529411766
101,Fantasista～ファンタジスタ～,75,109,https://itunes.apple.com/jp/album/id1528275249?i=1528275251&uo=4&app=itunes&at=1l3v3es,2.8181818181818183,1.690909090909091,6.545454545454546,3.6727272727272733,2.8,2.4363636363636365
102,Lovers,38,15,https://itunes.apple.com/jp/album/id1491123946?i=1491123949&uo=4&app=itunes&at=1l3v3es,2.4814814814814814,2.3703703703703702,6.6111111111111125,4.425925925925926,3.388888888888889,2.7962962962962963
103,Walking with you,60,81,*,3.2432432432432434,3.6216216216216215,5.405405405405406,4.243243243243243,2.4864864864864864,2.216216216216216
104,シャルル,99,152,https://itunes.apple.com/jp/album/id1271271744?i=1271272058&uo=4&app=itunes&at=1l3v3es,1.5416666666666667,2.25,5.625,3.5416666666666665,1.625,2.2916666666666665
105,感電,2,26,https://itunes.apple.com/jp/album/id1521414178?i=1521414181&uo=4&app=itunes&at=1l3v3es,1.7045454545454546,2.113636363636364,5.590909090909091,4.909090909090909,1.9318181818181817,2.6818181818181817
106,LOSER,2,117,https://itunes.apple.com/jp/album/id1154388500?i=1154388655&uo=4&app=itunes&at=1l3v3es,2.8048780487804885,1.7804878048780488,6.121951219512195,4.0,2.414634146341464,2.365853658536585
107,朝陽,6,49,https://itunes.apple.com/jp/album/id1525539754?i=1525540119&uo=4&app=itunes&at=1l3v3es,1.26,3.0,6.0,4.46,2.24,3.42
108,ノクターン,153,63,https://itunes.apple.com/jp/album/id1394013451?i=1394013615&uo=4&app=itunes&at=1l3v3es,3.217391304347826,1.5652173913043481,6.391304347826088,3.565217391304348,2.3043478260869565,2.347826086956522
109,ハッピーエンド,11,134,https://itunes.apple.com/jp/album/id1180805521?i=1180806407&uo=4&app=itunes&at=1l3v3es,1.2926829268292683,3.2195121951219514,8.097560975609756,4.097560975609756,1.4390243902439024,2.6341463414634148
110,RUN,149,264,*,1.9230769230769231,2.8461538461538463,5.461538461538462,4.346153846153847,1.807692307692308,2.730769230769231
111,瞬き,11,106,https://itunes.apple.com/jp/album/id1318606095?i=1318606108&uo=4&app=itunes&at=1l3v3es,1.903225806451613,1.870967741935484,4.387096774193549,4.064516129032258,2.4838709677419355,2.870967741935484
112,さよならの今日に,6,95,https://itunes.apple.com/jp/album/id1496933734?i=1496933735&uo=4&app=itunes&at=1l3v3es,1.9387755102040816,2.5306122448979598,6.469387755102041,5.2653061224489806,2.5510204081632653,3.0408163265306123
113,新宝島,64,85,https://itunes.apple.com/jp/album/id1039793113?i=1039793121&uo=4&app=itunes&at=1l3v3es,3.8333333333333335,1.5833333333333333,6.75,4.958333333333333,2.75,6.125
114,夜永唄,69,96,https://itunes.apple.com/jp/album/id1461440777?i=1461440783&uo=4&app=itunes&at=1l3v3es,1.5,4.076923076923077,5.269230769230768,4.153846153846153,2.423076923076924,2.3846153846153846
115,Dragon Night,35,103,https://itunes.apple.com/jp/album/id955796371?i=955796497&uo=4&app=itunes&at=1l3v3es,6.764705882352941,2.0588235294117645,2.176470588235294,1.7647058823529411,2.7058823529411766,2.0
116,花束,11,154,https://itunes.apple.com/jp/album/id472262108?i=472262148&uo=4&app=itunes&at=1l3v3es,2.888888888888889,2.5277777777777777,8.833333333333334,3.4444444444444446,1.75,2.0
117,夜に駆ける,18,98,https://itunes.apple.com/jp/album/id1490256978?i=1490256995&uo=4&app=itunes&at=1l3v3es,2.5,3.928571428571429,5.053571428571429,3.7142857142857135,2.625,2.8571428571428568
118,アイカタ,90,139,https://itunes.apple.com/jp/album/id1531458895?i=1531458899&uo=4&app=itunes&at=1l3v3es,3.2156862745098036,3.333333333333333,4.8431372549019605,4.450980392156863,2.5098039215686274,2.7254901960784315
119,不可幸力,94,167,https://itunes.apple.com/jp/album/id1492694456?i=1492694469&uo=4&app=itunes&at=1l3v3es,3.2,2.290909090909091,4.0,4.581818181818182,3.109090909090909,3.0727272727272728
120,Teenager Forever,13,222,https://itunes.apple.com/jp/album/id1140086483?i=1140086495&uo=4&app=itunes&at=1l3v3es,1.7333333333333334,4.066666666666666,6.333333333333332,4.977777777777779,1.8888888888888888,2.6444444444444444
121,Laughter,4,41,https://itunes.apple.com/jp/album/id1505478976?i=1505478977&uo=4&app=itunes&at=1l3v3es,3.78125,1.875,3.5625,3.9375,3.53125,2.90625
122,ヒロイン,11,130,https://itunes.apple.com/jp/album/id1070146893?i=1070147082&uo=4&app=itunes&at=1l3v3es,3.0297029702970297,1.6732673267326732,6.128712871287129,6.445544554455446,2.514851485148516,2.623762376237624
123,カムパネルラ,2,26,https://itunes.apple.com/jp/album/id1521414178?i=1521414179&uo=4&app=itunes&at=1l3v3es,2.5454545454545454,2.878787878787879,4.0606060606060606,4.333333333333333,3.212121212121212,2.7575757575757582
124,だから僕は音楽を辞めた,19,111,https://itunes.apple.com/jp/album/id1455955689?i=1455955703&uo=4&app=itunes&at=1l3v3es,1.5,2.16,8.06,4.22,2.28,2.5
125,だんご3兄弟,154,265,*,1.3243243243243243,1.5135135135135136,7.243243243243242,5.1891891891891895,4.594594594594595,4.3243243243243255
126,愛を伝えたいだとか,6,5,*,2.392857142857143,4.035714285714286,3.928571428571429,3.8571428571428568,2.642857142857143,3.0357142857142856
127,1CHANCE,84,129,https://itunes.apple.com/jp/album/id1050544564?i=1050544816&uo=4&app=itunes&at=1l3v3es,2.742857142857144,1.9142857142857144,4.8285714285714265,5.0,2.657142857142857,1.8285714285714283
128,結,59,80,https://itunes.apple.com/jp/album/id1500695429?i=1500695430&uo=4&app=itunes&at=1l3v3es,1.9714285714285715,2.3142857142857145,4.485714285714286,4.542857142857144,2.057142857142857,3.0285714285714285
129,虹,79,266,https://itunes.apple.com/jp/album/id1438498572?i=1438498573&uo=4&app=itunes&at=1l3v3es,1.173913043478261,1.9565217391304348,12.434782608695652,5.434782608695652,1.608695652173913,2.217391304347826
130,シンデレラガール,10,120,*,4.6923076923076925,2.1538461538461537,5.246153846153846,3.723076923076924,2.8461538461538463,1.969230769230769
131,Hug feat. kojikoji (Fantasy club ver.),96,147,https://itunes.apple.com/jp/album/id1489891089?i=1489891092&uo=4&app=itunes&at=1l3v3es,3.1538461538461537,1.6923076923076923,5.569230769230769,3.892307692307692,3.015384615384616,2.9846153846153847
132,思想犯,19,176,https://itunes.apple.com/jp/album/id1519740112?i=1519740257&uo=4&app=itunes&at=1l3v3es,2.0285714285714285,2.571428571428572,6.542857142857143,4.342857142857143,2.8857142857142857,3.1142857142857143
133,カブトムシ,30,39,*,1.4347826086956519,3.695652173913044,4.260869565217392,4.869565217391305,3.391304347826087,5.130434782608695
134,Zombie Step,41,267,*,3.2045454545454546,3.522727272727273,4.818181818181818,3.613636363636364,3.136363636363636,2.272727272727273
135,プロローグ,61,82,https://itunes.apple.com/jp/album/id1439388989?i=1439388990&uo=4&app=itunes&at=1l3v3es,2.28,2.4,5.66,4.7,2.5,2.76
136,春雷,2,36,https://itunes.apple.com/jp/album/id1292541373?i=1292541850&uo=4&app=itunes&at=1l3v3es,1.6470588235294117,2.735294117647059,3.117647058823529,4.294117647058823,3.5294117647058822,4.882352941176472
137,貴方解剖純愛歌 ～死ね～,6,115,*,2.7073170731707314,3.5853658536585367,5.634146341463414,3.829268292682927,3.4390243902439024,2.7073170731707314
138,空の青さを知る人よ,6,4,https://itunes.apple.com/jp/album/id1478290250?i=1478290680&uo=4&app=itunes&at=1l3v3es,1.5370370370370368,2.462962962962963,7.277777777777778,4.592592592592593,2.555555555555556,2.6296296296296298
139,僕が君に出来ること,76,168,https://itunes.apple.com/jp/album/id1519145202?i=1519145204&uo=4&app=itunes&at=1l3v3es,1.9523809523809523,2.071428571428572,5.8809523809523805,3.9047619047619047,3.1904761904761907,3.333333333333333
140,手紙 ～拝啓 十五の君へ～,7,268,https://itunes.apple.com/jp/album/id1218860381?i=1218860394&uo=4&app=itunes&at=1l3v3es,2.06,2.48,5.18,4.54,2.14,2.74
141,ヒッチコック,19,24,https://itunes.apple.com/jp/album/id1374108987?i=1374108997&uo=4&app=itunes&at=1l3v3es,2.45,3.4,4.975,3.775,3.475,2.75
142,ハルノヒ,6,102,https://itunes.apple.com/jp/album/id1455340999?i=1455341000&uo=4&app=itunes&at=1l3v3es,3.25,1.7142857142857142,7.107142857142858,5.357142857142857,4.803571428571429,2.7142857142857144
143,猫,88,136,https://itunes.apple.com/jp/album/id1265022897?i=1265022907&uo=4&app=itunes&at=1l3v3es,1.490909090909091,2.109090909090909,9.036363636363637,4.6,2.036363636363636,3.0727272727272728
144,あなたがいることで,61,161,https://itunes.apple.com/jp/album/id1499788029?i=1499788032&uo=4&app=itunes&at=1l3v3es,3.125,3.4,4.375,4.2,1.7,3.35
145,別の人の彼女になったよ,23,31,https://itunes.apple.com/jp/album/id1438704925?i=1438704929&uo=4&app=itunes&at=1l3v3es,0.8125,4.625,8.5625,3.28125,1.375,1.6875
146,栄冠は君に輝く,22,30,https://itunes.apple.com/jp/album/id533373510?i=533373600&uo=4&app=itunes&at=1l3v3es,3.611111111111111,1.3333333333333333,8.333333333333334,3.7777777777777777,2.9444444444444446,2.1111111111111107
147,僕は君の事が好きだけど君は僕を別に好きじゃないみたい,11,74,https://itunes.apple.com/jp/album/id1059632443?i=1059632451&uo=4&app=itunes&at=1l3v3es,2.555555555555556,2.066666666666667,6.177777777777778,4.888888888888889,2.1111111111111107,2.2666666666666666
148,今君に伝えたいこと,10,94,*,1.5423728813559323,2.5593220338983054,6.423728813559323,4.9491525423728815,1.6949152542372878,2.5423728813559316
149,カナリヤ,2,26,https://itunes.apple.com/jp/album/id1521414178?i=1521414463&uo=4&app=itunes&at=1l3v3es,2.878787878787879,3.0,5.212121212121212,4.03030303030303,1.6666666666666667,2.8181818181818183
150,砂の惑星 ( + 初音ミク),2,36,https://itunes.apple.com/jp/album/id1292541373?i=1292541846&uo=4&app=itunes&at=1l3v3es,2.1818181818181817,3.303030303030303,3.303030303030303,4.181818181818182,4.03030303030303,3.272727272727273
151,きらきら,42,108,https://itunes.apple.com/jp/album/id1528937901?i=1528937910&uo=4&app=itunes&at=1l3v3es,2.15625,2.84375,3.8125,3.65625,2.59375,3.4375
152,オールドファッション,11,28,https://itunes.apple.com/jp/album/id1441482866?i=1441482867&uo=4&app=itunes&at=1l3v3es,2.533333333333333,2.311111111111111,6.088888888888889,4.0,2.6666666666666665,2.7555555555555555
153,HALLOWEEN PARTY (プペル Ver.),155,269,https://itunes.apple.com/jp/album/id1534243556?i=1534243557&uo=4&app=itunes&at=1l3v3es,4.416666666666667,6.083333333333332,2.3888888888888893,2.0,4.2222222222222205,4.4444444444444455
154,Wasted Nights,54,70,https://itunes.apple.com/jp/album/id1441633532?i=1441633607&uo=4&app=itunes&at=1l3v3es,3.1320754716981134,2.056603773584906,3.830188679245283,3.0566037735849063,4.30188679245283,3.716981132075472
155,八卦良,27,35,https://itunes.apple.com/jp/album/id1532240365?i=1532240366&uo=4&app=itunes&at=1l3v3es,2.4444444444444446,2.6296296296296298,5.37037037037037,4.851851851851851,2.740740740740741,2.814814814814815
156,優しい人,2,26,https://itunes.apple.com/jp/album/id1521414178?i=1521414185&uo=4&app=itunes&at=1l3v3es,2.1818181818181817,2.363636363636364,5.6818181818181825,4.818181818181818,1.7727272727272727,1.8636363636363635
157,合法的トビ方ノススメ,85,133,https://itunes.apple.com/jp/album/id950163878?i=950163879&uo=4&app=itunes&at=1l3v3es,3.842105263157895,2.6578947368421053,4.1842105263157885,4.552631578947368,4.078947368421051,4.315789473684212
158,ふるさと,39,270,*,4.227272727272728,2.0454545454545454,4.363636363636363,3.5,2.272727272727273,2.727272727272727
159,スマイル,36,46,https://itunes.apple.com/jp/album/id1522626949?i=1522626950&uo=4&app=itunes&at=1l3v3es,3.64,1.6,4.64,3.6,1.32,1.44
160,炎,1,150,https://itunes.apple.com/jp/album/id1531847478?i=1531847485&uo=4&app=itunes&at=1l3v3es,1.7,4.133333333333334,6.933333333333334,5.466666666666668,2.333333333333333,2.7
161,たぶん,18,116,https://itunes.apple.com/jp/album/id1520198755?i=1520198760&uo=4&app=itunes&at=1l3v3es,1.9180327868852456,2.442622950819672,6.213114754098362,4.19672131147541,2.1639344262295084,2.5737704918032787
162,マリーゴールド,6,112,https://itunes.apple.com/jp/album/id1446781785?i=1446781787&uo=4&app=itunes&at=1l3v3es,3.3,3.06,5.16,4.68,2.86,3.06
163,エメラルド,11,11,https://itunes.apple.com/jp/album/id1533609044?i=1533609045&uo=4&app=itunes&at=1l3v3es,1.851851851851852,2.4444444444444446,6.888888888888888,4.62962962962963,2.7777777777777777,2.6666666666666665
164,星合,156,271,*,2.8260869565217392,1.7608695652173914,7.173913043478263,4.108695652173913,1.5434782608695652,1.8043478260869563
165,海の幽霊,2,174,https://itunes.apple.com/jp/album/id1478109978?i=1478109981&uo=4&app=itunes&at=1l3v3es,2.32,2.44,5.64,4.52,2.28,3.32
166,迷える羊,2,26,https://itunes.apple.com/jp/album/id1521414178?i=1521414459&uo=4&app=itunes&at=1l3v3es,2.952380952380953,2.7142857142857144,4.238095238095238,3.3809523809523814,2.6666666666666665,2.571428571428572
167,あゝオオサカdreamin'night,72,104,https://itunes.apple.com/jp/album/id1483721805?i=1483721809&uo=4&app=itunes&at=1l3v3es,2.6923076923076925,1.824175824175824,6.769230769230767,4.967032967032966,2.9450549450549453,3.7472527472527473
168,世界が終るまでは…,56,72,https://itunes.apple.com/jp/album/id75466337?i=75465805&uo=4&app=itunes&at=1l3v3es,2.0416666666666665,3.208333333333333,4.958333333333333,3.7916666666666665,2.4166666666666665,3.7083333333333335
169,Sacred world,8,6,https://itunes.apple.com/jp/album/id1534819831?i=1534819832&uo=4&app=itunes&at=1l3v3es,2.034090909090909,1.5795454545454546,6.2727272727272725,4.931818181818182,2.113636363636364,3.25
170,白日,13,17,https://itunes.apple.com/jp/album/id1451896731?i=1451896732&uo=4&app=itunes&at=1l3v3es,1.6463414634146345,2.1829268292682933,5.463414634146342,5.280487804878049,3.1707317073170733,3.768292682926829
171,かくれんぼ,103,179,https://itunes.apple.com/jp/album/id1489118271?i=1489118273&uo=4&app=itunes&at=1l3v3es,1.4565217391304348,2.1739130434782608,9.543478260869565,3.239130434782609,1.5217391304347827,2.0217391304347827
172,キンモクセイ,14,16,https://itunes.apple.com/jp/album/id1508347200?i=1508347204&uo=4&app=itunes&at=1l3v3es,1.8947368421052635,2.5526315789473686,5.131578947368421,5.2631578947368425,2.263157894736842,2.8947368421052633
173,Focus,10,3,*,3.4117647058823533,2.1372549019607843,3.4705882352941178,4.470588235294118,3.0980392156862746,2.7058823529411766
174,Crazy Party Night ～ぱんぷきんの逆襲～,157,272,https://itunes.apple.com/jp/album/id1031470090?i=1031470155&uo=4&app=itunes&at=1l3v3es,4.857142857142857,2.1904761904761907,5.476190476190476,3.238095238095238,5.7142857142857135,3.571428571428572
175,惑星ループ,3,12,https://itunes.apple.com/jp/album/id1178031172?i=1178031187&uo=4&app=itunes&at=1l3v3es,1.6333333333333333,3.0,5.466666666666668,4.7,2.8666666666666667,2.8
176,Shout Baby,43,175,https://itunes.apple.com/jp/album/id1504038574?i=1504038730&uo=4&app=itunes&at=1l3v3es,1.065217391304348,3.0434782608695654,6.956521739130435,4.913043478260869,2.0869565217391304,3.0869565217391304
177,花に亡霊,19,97,https://itunes.apple.com/jp/album/id1506849808?i=1506849814&uo=4&app=itunes&at=1l3v3es,2.0,2.4054054054054053,6.108108108108107,5.027027027027027,2.9459459459459465,5.0540540540540535
178,第六感,100,153,https://itunes.apple.com/jp/album/id1523255475?i=1523255476&uo=4&app=itunes&at=1l3v3es,3.3125,2.59375,4.875,3.75,2.1875,2.375
179,馬と鹿,2,170,https://itunes.apple.com/jp/album/id1478109978?i=1478109979&uo=4&app=itunes&at=1l3v3es,1.3157894736842106,3.0526315789473686,3.5,4.2631578947368425,4.105263157894736,4.078947368421051
180,奏(かなで),108,178,https://itunes.apple.com/jp/album/id1216560208?i=1216560215&uo=4&app=itunes&at=1l3v3es,2.44,3.56,4.8,3.48,2.76,2.96
181,点描の唄(feat.井上苑子),104,162,https://itunes.apple.com/jp/album/id1408505088?i=1408505419&uo=4&app=itunes&at=1l3v3es,1.7142857142857142,2.7142857142857144,9.0,4.761904761904762,1.4047619047619049,1.9523809523809523
182,カイト,39,50,*,3.4,3.16,5.48,3.4,3.0,2.68
183,ダイナミック琉球,47,59,https://itunes.apple.com/jp/album/id1463473548?i=1463473550&uo=4&app=itunes&at=1l3v3es,3.0,2.025,6.075,3.825,3.275,2.775
184,ハニーメモリー,30,67,https://itunes.apple.com/jp/album/id1533401114?i=1533401116&uo=4&app=itunes&at=1l3v3es,2.1481481481481484,4.481481481481481,2.703703703703704,4.2222222222222205,2.185185185185185,2.851851851851852
185,うっせぇわ,105,171,https://itunes.apple.com/jp/album/id1535123741?i=1535123742&uo=4&app=itunes&at=1l3v3es,2.056603773584906,1.0754716981132075,9.09433962264151,7.320754716981133,2.0,1.962264150943396
186,HAPPY BIRTHDAY,11,160,https://itunes.apple.com/jp/album/id1451557406?i=1451557409&uo=4&app=itunes&at=1l3v3es,1.65625,2.5625,7.0,4.25,2.34375,2.84375
187,ハルジオン,18,166,https://itunes.apple.com/jp/album/id1509494398?i=1509494402&uo=4&app=itunes&at=1l3v3es,2.183673469387754,2.8571428571428568,4.714285714285714,5.061224489795919,2.7755102040816326,2.8979591836734686
188,ぎゅっと。,42,165,https://itunes.apple.com/jp/album/id1523598192?i=1523598194&uo=4&app=itunes&at=1l3v3es,2.7,2.78,4.54,3.84,2.66,1.86
189,Pretender,4,2,https://itunes.apple.com/jp/album/id1459216693?i=1459216694&uo=4&app=itunes&at=1l3v3es,2.037735849056604,2.811320754716981,5.433962264150944,4.886792452830188,2.5660377358490565,2.39622641509434
190,MAGIC,35,103,https://itunes.apple.com/jp/album/id925252932?i=925252944&uo=4&app=itunes&at=1l3v3es,2.2,2.7666666666666666,3.533333333333333,3.6666666666666665,3.2,2.6333333333333333
191,前前前世 (movie ver.),5,19,https://itunes.apple.com/jp/album/id1141763312?i=1141763418&uo=4&app=itunes&at=1l3v3es,1.8571428571428568,2.642857142857143,7.7142857142857135,3.2857142857142856,2.7142857142857144,2.821428571428572
192,ひまわり,2,26,https://itunes.apple.com/jp/album/id1521414178?i=1521414458&uo=4&app=itunes&at=1l3v3es,2.833333333333333,2.033333333333333,4.6,4.8,2.933333333333333,3.0
193,えんとつ町のプペル,122,207,https://itunes.apple.com/jp/album/id1506703092?i=1506703095&uo=4&app=itunes&at=1l3v3es,4.5344827586206895,2.6724137931034484,4.0344827586206895,5.827586206896553,5.172413793103448,2.9655172413793105
194,ビンテージ,4,10,https://itunes.apple.com/jp/album/id1479397582?i=1479397865&uo=4&app=itunes&at=1l3v3es,2.342857142857143,2.628571428571429,5.7714285714285705,4.742857142857143,2.2,2.571428571428572
195,KOUGU維新のテーマ,158,273,https://itunes.apple.com/jp/album/id1532177947?i=1532177949&uo=4&app=itunes&at=1l3v3es,2.0384615384615383,2.1153846153846154,7.6730769230769225,5.807692307692308,2.8269230769230766,3.3076923076923075
196,インフェルノ,104,172,https://itunes.apple.com/jp/album/id1475232910?i=1475233528&uo=4&app=itunes&at=1l3v3es,2.3023255813953494,2.372093023255814,7.116279069767443,5.883720930232557,1.9534883720930232,2.3953488372093017
197,115万キロのフィルム,4,63,https://itunes.apple.com/jp/album/id1394013451?i=1394013614&uo=4&app=itunes&at=1l3v3es,2.9761904761904763,2.0476190476190474,5.8809523809523805,4.785714285714286,2.357142857142857,2.738095238095238
198,ドライフラワー,103,158,https://itunes.apple.com/jp/album/id1534620182?i=1534620183&uo=4&app=itunes&at=1l3v3es,2.765957446808511,3.2978723404255317,5.0212765957446805,4.914893617021278,2.6170212765957452,3.2553191489361697
199,ミカヅキ,159,274,https://itunes.apple.com/jp/album/id1031486718?i=1031486734&uo=4&app=itunes&at=1l3v3es,2.9736842105263164,2.7894736842105257,4.2368421052631575,5.184210526315789,2.263157894736842,2.3157894736842106
200,家族になろうよ,160,275,*,5.275862068965517,2.931034482758621,4.275862068965517,3.827586206896552,1.4827586206896552,1.6551724137931034
201,ここにあるもの,76,276,https://itunes.apple.com/jp/album/id1536881602?i=1536881604&uo=4&app=itunes&at=1l3v3es,2.121212121212121,2.9696969696969697,4.545454545454546,4.606060606060606,2.8181818181818183,2.787878787878788
202,Princess,161,277,https://itunes.apple.com/jp/album/id1536634127?i=1536634140&uo=4&app=itunes&at=1l3v3es,2.0416666666666665,2.9027777777777777,5.375,3.986111111111111,2.708333333333333,3.125
203,Your Song,41,52,*,2.8421052631578947,3.657894736842105,4.473684210526316,3.973684210526317,2.026315789473684,2.394736842105264
204,いつか秒針のあう頃,39,278,*,2.6595744680851063,2.8085106382978724,3.404255319148936,4.617021276595745,2.936170212765957,3.148936170212766
205,Beast,162,279,https://itunes.apple.com/jp/album/id1538264616?i=1538264617&uo=4&app=itunes&at=1l3v3es,2.0,1.4696969696969695,7.393939393939394,4.954545454545454,2.0454545454545454,2.560606060606061
206,赤鼻のトナカイ,163,281,*,3.5625,2.5625,7.0,3.875,2.25,1.875
207,遺言状,69,282,*,1.7826086956521738,1.608695652173913,7.260869565217392,6.3478260869565215,2.6956521739130435,3.3043478260869565
208,Blue Star,136,238,https://itunes.apple.com/jp/album/id1522636808?i=1522636810&uo=4&app=itunes&at=1l3v3es,2.6875,6.6875,2.5625,3.75,2.25,2.0
209,Hoodstar,34,77,*,2.914438502673797,1.502673796791444,8.256684491978609,5.2780748663101615,2.5668449197860963,2.3101604278074865
210,抱いて…,164,283,https://itunes.apple.com/jp/album/id575512936?i=575513181&uo=4&app=itunes&at=1l3v3es,3.5483870967741935,3.3870967741935485,4.419354838709677,3.161290322580645,2.4838709677419355,2.2903225806451615
211,最愛,160,284,https://itunes.apple.com/jp/album/id847870664?i=847870708&uo=4&app=itunes&at=1l3v3es,2.6041666666666665,3.4791666666666665,10.4375,4.166666666666667,1.5,1.9791666666666667
212,キケンナアソビ,117,189,https://itunes.apple.com/jp/album/id1494069891?i=1494070215&uo=4&app=itunes&at=1l3v3es,2.1875,1.6875,7.21875,3.84375,1.4375,2.21875
213,5×20,39,92,*,3.0425531914893615,3.723404255319149,4.148936170212766,2.595744680851064,2.276595744680851,2.0212765957446805
214,助演男優賞,85,213,https://itunes.apple.com/jp/album/id1193481131?i=1193481435&uo=4&app=itunes&at=1l3v3es,3.011494252873564,1.8505747126436785,5.448275862068965,4.367816091954023,3.2988505747126435,3.1149425287356323
215,雨とカプチーノ,19,200,https://itunes.apple.com/jp/album/id1474061924?i=1474062330&uo=4&app=itunes&at=1l3v3es,2.4375,2.28125,6.78125,3.78125,3.125,3.53125
216,花,39,286,*,3.611111111111111,2.7222222222222223,2.5555555555555562,2.7777777777777777,3.333333333333333,3.5
217,MY PRAYER,58,12,https://itunes.apple.com/jp/album/id1178031172?i=1178031187&uo=4&app=itunes&at=1l3v3es,1.6333333333333333,3.0,5.466666666666668,4.7,2.8666666666666667,2.8
218,スキスキ星人,165,287,https://itunes.apple.com/jp/album/id1517740264?i=1517740836&uo=4&app=itunes&at=1l3v3es,2.2452830188679247,1.9811320754716983,10.641509433962264,5.754716981132076,2.5660377358490565,2.0377358490566038
219,ブッダのように私は死んだ,166,288,https://itunes.apple.com/jp/album/id1536728143?i=1536728152&uo=4&app=itunes&at=1l3v3es,1.880952380952381,1.880952380952381,8.285714285714286,5.571428571428571,3.023809523809524,3.0952380952380962
220,知らないどうし,125,212,https://itunes.apple.com/jp/album/id1535599833?i=1535600017&uo=4&app=itunes&at=1l3v3es,1.2,5.033333333333333,6.366666666666666,3.966666666666667,2.8666666666666667,3.8
221,Lemonade,71,289,*,3.292307692307692,3.1384615384615384,3.3076923076923075,2.6307692307692307,4.523076923076923,2.923076923076924
222,Do you... ?,39,278,*,6.4905660377358485,1.7358490566037736,3.3584905660377364,2.7358490566037736,5.547169811320754,2.3773584905660377
223,朝顔,91,141,https://itunes.apple.com/jp/album/id1474730136?i=1474730137&uo=4&app=itunes&at=1l3v3es,5.483870967741934,3.2903225806451615,3.70967741935484,3.0967741935483866,2.2903225806451615,1.9677419354838708
224,かごめ,103,290,https://itunes.apple.com/jp/album/id1499962849?i=1499962852&uo=4&app=itunes&at=1l3v3es,1.3235294117647058,2.2941176470588243,7.852941176470589,4.382352941176471,3.7647058823529416,3.0882352941176467
225,YOKAZE,32,157,https://itunes.apple.com/jp/album/id1485697870?i=1485697872&uo=4&app=itunes&at=1l3v3es,1.5609756097560976,2.609756097560976,6.2926829268292686,4.512195121951219,1.6097560975609757,2.975609756097561
226,every little thing every precious thing,167,291,https://itunes.apple.com/jp/album/id281679292?i=281679312&uo=4&app=itunes&at=1l3v3es,2.3529411764705883,3.8235294117647056,2.7058823529411766,2.588235294117647,2.8235294117647056,3.4117647058823533
227,言って。,19,208,https://itunes.apple.com/jp/album/id1250709912?i=1250709921&uo=4&app=itunes&at=1l3v3es,2.026315789473684,2.894736842105264,13.552631578947368,4.1578947368421035,2.736842105263158,3.5789473684210527
228,D.D.,48,60,*,4.72463768115942,3.0144927536231885,3.3043478260869565,3.1594202898550723,4.9275362318840585,2.4782608695652173
229,カワキヲアメク,126,215,https://itunes.apple.com/jp/album/id1449555773?i=1449556048&uo=4&app=itunes&at=1l3v3es,1.7169811320754718,1.7358490566037736,6.849056603773584,6.169811320754717,2.2830188679245285,2.8679245283018866
230,Freak out,10,3,*,3.1404958677685952,1.3801652892561984,6.24793388429752,4.5041322314049586,2.413223140495868,1.87603305785124
231,願い,38,48,https://itunes.apple.com/jp/album/id1489122415?i=1489122416&uo=4&app=itunes&at=1l3v3es,2.4411764705882355,2.485294117647059,5.647058823529411,5.735294117647059,2.1323529411764706,2.397058823529412
232,盗作,19,185,https://itunes.apple.com/jp/album/id1519740112?i=1519740256&uo=4&app=itunes&at=1l3v3es,3.021276595744681,2.8085106382978724,6.531914893617022,3.106382978723404,2.7872340425531914,2.680851063829788
233,湯の町エレジー,168,292,https://itunes.apple.com/jp/album/id75187789?i=75185598&uo=4&app=itunes&at=1l3v3es,2.8,3.4,4.533333333333333,3.2666666666666666,2.533333333333333,2.533333333333333
234,メリクリ,40,51,https://itunes.apple.com/jp/album/id433086273?i=433086444&uo=4&app=itunes&at=1l3v3es,2.52,2.88,4.96,4.12,3.52,2.04
235,Still...,39,218,*,1.3513513513513509,3.1621621621621623,4.783783783783784,3.6216216216216215,2.972972972972973,3.2432432432432434
236,Life in color,71,293,*,4.647058823529412,2.0294117647058822,4.485294117647058,3.2647058823529416,2.867647058823529,1.8382352941176472
237,CITRUS,15,18,https://itunes.apple.com/jp/album/id1535906999?i=1535907002&uo=4&app=itunes&at=1l3v3es,1.9423076923076923,2.173076923076924,7.0769230769230775,5.403846153846153,2.0961538461538463,2.6153846153846154
238,BETTER,169,294,*,3.108108108108108,4.013513513513513,5.5675675675675675,2.8378378378378377,2.324324324324324,2.121621621621621
239,So Addicted,71,295,*,3.51,2.78,4.4,2.93,4.49,2.96
240,高原列車は行く,170,37,https://itunes.apple.com/jp/album/id630349879?i=630350079&uo=4&app=itunes&at=1l3v3es,4.777777777777779,1.6111111111111112,4.611111111111111,3.5555555555555562,4.2777777777777795,2.9444444444444446
241,東京だョおっ母さん(セリフ入り),171,296,https://itunes.apple.com/jp/album/id808691022?i=808691225&uo=4&app=itunes&at=1l3v3es,4.333333333333333,1.9,4.566666666666666,2.566666666666667,4.466666666666667,2.0
242,会いたい,42,72,https://itunes.apple.com/jp/album/id75466337?i=75465805&uo=4&app=itunes&at=1l3v3es,2.0416666666666665,3.208333333333333,4.958333333333333,3.7916666666666665,2.4166666666666665,3.7083333333333335
243,NEW ERA,71,289,*,2.7721518987341773,2.0253164556962027,4.6455696202531644,3.873417721518988,2.5443037974683542,2.4683544303797467
244,ピーターパン,103,243,https://itunes.apple.com/jp/album/id1522832464?i=1522832465&uo=4&app=itunes&at=1l3v3es,1.9565217391304348,1.4565217391304348,11.0,5.043478260869565,2.8043478260869565,2.739130434782609
245,東京だョおっ母さん,171,297,https://itunes.apple.com/jp/album/id834172470?i=834172485&uo=4&app=itunes&at=1l3v3es,5.3888888888888875,2.1111111111111107,3.5,3.0,5.277777777777779,2.3888888888888893
246,BELOVED,172,298,https://itunes.apple.com/jp/album/id992492915?i=992492925&uo=4&app=itunes&at=1l3v3es,1.5416666666666667,3.333333333333333,5.708333333333332,4.458333333333333,1.625,2.125
247,悲しみSWING,173,299,*,1.2272727272727273,1.8181818181818181,8.5,4.727272727272728,3.0909090909090917,3.8636363636363638
248,Party Starters,39,278,https://itunes.apple.com/jp/album/id1516071672?i=1516071673&uo=4&app=itunes&at=1l3v3es,7.25,1.8461538461538465,3.5,2.1923076923076925,4.0576923076923075,2.173076923076924
249,突破口,116,192,https://itunes.apple.com/jp/album/id1534682398?i=1534682707&uo=4&app=itunes&at=1l3v3es,2.227272727272727,1.0,5.7727272727272725,4.909090909090909,1.8181818181818181,3.0454545454545454
250,冷たい嘘,30,301,*,1.1304347826086956,5.6521739130434785,4.130434782608695,4.782608695652174,1.7391304347826086,3.347826086956522
251,SHOW TIME,39,278,*,5.469135802469137,1.8148148148148149,4.654320987654321,3.0123456790123457,3.4320987654320985,1.7530864197530864
252,美・サイレント,174,302,*,3.1052631578947367,2.3684210526315788,7.842105263157895,5.078947368421051,2.6052631578947367,1.868421052631579
253,The Music Never Ends,39,278,*,4.25,3.1666666666666665,3.8333333333333335,2.208333333333333,3.1666666666666665,2.375
254,ギンギラギンにさりげなく,175,303,*,2.5625,2.2916666666666665,5.104166666666667,4.020833333333333,2.3541666666666665,2.3125
255,さくらんぼ大将,176,26,https://itunes.apple.com/jp/album/id1521414178?i=1521414458&uo=4&app=itunes&at=1l3v3es,2.833333333333333,2.033333333333333,4.6,4.8,2.933333333333333,3.0
256,さよならだけがおしえてくれた,177,37,*,1.5357142857142858,3.1071428571428568,6.785714285714287,4.285714285714286,2.392857142857143,3.071428571428572
257,リテラチュア,114,305,https://itunes.apple.com/jp/album/id1534697666?i=1534697667&uo=4&app=itunes&at=1l3v3es,3.1555555555555554,2.6444444444444444,4.8,4.2222222222222205,2.9555555555555566,2.7333333333333334
258,守ってあげたい,178,306,https://itunes.apple.com/jp/album/id808637053?i=808637088&uo=4&app=itunes&at=1l3v3es,2.7,2.933333333333333,5.3,3.4,2.2333333333333334,2.533333333333333
259,愚か者,175,307,*,1.4782608695652173,1.2608695652173914,13.304347826086955,4.478260869565218,1.0,1.565217391304348
260,So Crazy,145,308,*,3.2285714285714286,2.2285714285714286,6.371428571428571,4.728571428571429,3.571428571428572,2.671428571428572
261,Sugar,39,148,*,2.7674418604651163,1.930232558139535,5.3023255813953485,3.4418604651162785,2.7906976744186047,2.3023255813953494
262,きよしこの夜(聖夜),163,89,https://itunes.apple.com/jp/album/id1442510894?i=1442512143&uo=4&app=itunes&at=1l3v3es,2.4166666666666665,2.8055555555555562,6.8611111111111125,3.0,2.833333333333333,2.9722222222222223
263,In the shade,179,21,https://itunes.apple.com/jp/album/id950628211?i=950628223&uo=4&app=itunes&at=1l3v3es,2.0625,2.59375,7.0,4.375,2.9375,3.40625
264,ロンリネス,11,230,https://itunes.apple.com/jp/album/id1423381455?i=1423381470&uo=4&app=itunes&at=1l3v3es,3.9615384615384617,1.8461538461538465,4.5,3.9615384615384617,2.4615384615384617,2.0
265,Vague,162,279,*,2.9027777777777777,1.8194444444444444,8.597222222222221,4.4444444444444455,2.055555555555556,2.1111111111111107
266,You & I,74,107,https://itunes.apple.com/jp/album/id1523022713?i=1523022716&uo=4&app=itunes&at=1l3v3es,2.07843137254902,2.2745098039215685,5.764705882352941,6.9215686274509824,2.2941176470588243,2.8039215686274512
267,明鏡肆水,109,180,*,2.5217391304347827,2.565217391304348,6.413043478260869,4.260869565217392,2.282608695652174,2.108695652173913
268,シングルベッド,110,181,https://itunes.apple.com/jp/album/id683136025?i=683136977&uo=4&app=itunes&at=1l3v3es,2.619047619047619,3.3809523809523814,3.952380952380953,3.8095238095238084,2.333333333333333,2.8095238095238093
269,3×3×3,111,182,*,2.088235294117647,1.8235294117647056,7.4411764705882355,4.735294117647058,4.117647058823529,4.0
270,真っ白,112,183,*,3.1,3.0,3.9,2.7333333333333334,3.033333333333333,3.1666666666666665
271,NIGHT ON THE PLANET -Broken World-,113,184,*,4.542857142857144,2.4142857142857137,3.928571428571429,2.1142857142857143,3.3571428571428568,2.2857142857142856
272,心焼け,30,67,*,1.1724137931034482,4.862068965517241,5.137931034482759,4.310344827586206,2.3448275862068964,3.1379310344827585
273,Joy!!,115,188,*,2.209302325581396,1.930232558139535,6.604651162790698,4.3023255813953485,3.255813953488372,2.7674418604651163
274,Gimme×Gimme feat. 初音ミク・鏡音リン,67,88,https://itunes.apple.com/jp/album/id1475739737?i=1475739739&uo=4&app=itunes&at=1l3v3es,2.3472222222222223,1.375,9.291666666666666,7.458333333333332,2.1944444444444446,2.375
275,世界はファンシー,33,43,https://itunes.apple.com/jp/album/id1531418208?i=1531418216&uo=4&app=itunes&at=1l3v3es,2.477272727272727,1.9090909090909087,8.227272727272727,4.681818181818182,4.0227272727272725,3.5909090909090917
276,幸せ,11,190,https://itunes.apple.com/jp/album/id472262108?i=472262160&uo=4&app=itunes&at=1l3v3es,1.8113207547169807,3.0943396226415096,8.528301886792454,5.056603773584905,1.5660377358490567,1.7735849056603774
277,NEW WORLD,71,191,*,2.0923076923076924,2.569230769230769,5.307692307692308,3.4923076923076923,3.1230769230769235,3.0461538461538464
278,SPARK-AGAIN,118,193,https://itunes.apple.com/jp/album/id1520367283?i=1520367284&uo=4&app=itunes&at=1l3v3es,1.3055555555555556,2.0,5.972222222222222,4.333333333333333,2.083333333333333,4.0
279,自由が丘,27,93,https://itunes.apple.com/jp/album/id1530217186?i=1530217187&uo=4&app=itunes&at=1l3v3es,1.8571428571428568,3.678571428571429,5.25,4.357142857142857,2.0357142857142856,3.071428571428572
280,未来予想図II,119,194,https://itunes.apple.com/jp/album/id595628512?i=595628542&uo=4&app=itunes&at=1l3v3es,2.8260869565217392,2.1739130434782608,3.782608695652174,5.0,3.0869565217391304,2.6956521739130435
281,＆ LOVE,10,3,*,6.7368421052631575,3.3421052631578947,2.9473684210526314,1.868421052631579,4.315789473684212,1.973684210526316
282,truth,39,196,*,2.515151515151515,6.151515151515151,3.8484848484848486,3.6666666666666665,2.575757575757576,2.4545454545454546
283,なんで なんで,120,197,https://itunes.apple.com/jp/album/id1524320224?i=1524320225&uo=4&app=itunes&at=1l3v3es,1.6666666666666667,2.9696969696969697,5.9393939393939394,3.333333333333333,2.272727272727273,2.8181818181818183
284,koi-wazurai,10,72,https://itunes.apple.com/jp/album/id75466337?i=75465805&uo=4&app=itunes&at=1l3v3es,2.0416666666666665,3.208333333333333,4.958333333333333,3.7916666666666665,2.4166666666666665,3.7083333333333335
285,58cm,30,67,*,1.8076923076923082,2.923076923076924,5.269230769230768,4.461538461538462,2.230769230769231,2.6153846153846154
286,play the world! feat.PABLO,1,198,*,2.19672131147541,2.622950819672131,6.885245901639344,3.704918032786885,2.4918032786885247,2.459016393442623
287,モノマネ,117,200,https://itunes.apple.com/jp/album/id1474061924?i=1474062330&uo=4&app=itunes&at=1l3v3es,2.4375,2.28125,6.78125,3.78125,3.125,3.53125
288,さよならも言わないままで,68,89,https://itunes.apple.com/jp/album/id1442510894?i=1442512143&uo=4&app=itunes&at=1l3v3es,2.4166666666666665,2.8055555555555562,6.8611111111111125,3.0,2.833333333333333,2.9722222222222223
289,ヒプノシスマイク -Alternative Rap Battle-,34,203,*,2.3837837837837843,1.4756756756756757,8.043243243243243,5.437837837837838,2.5243243243243243,2.7621621621621624
290,メトロノーム,2,204,*,2.171428571428572,2.9714285714285715,4.314285714285714,3.5428571428571427,1.6571428571428573,2.085714285714286
291,タンポポ feat. ZORN,121,205,*,2.036144578313253,1.8313253012048192,6.554216867469879,5.108433734939759,2.903614457831325,3.566265060240964
292,やってみよう,84,206,https://itunes.apple.com/jp/album/id1209483692?i=1209483694&uo=4&app=itunes&at=1l3v3es,4.511627906976744,2.6511627906976742,3.6046511627906974,3.5813953488372086,3.488372093023256,2.744186046511628
293,unknown,12,132,*,1.5686274509803917,2.176470588235294,4.627450980392157,5.078431372549018,2.8039215686274512,2.9019607843137254
294,虹の彼方に,12,209,https://itunes.apple.com/jp/album/id1447938409?i=1447938412&uo=4&app=itunes&at=1l3v3es,1.7692307692307692,4.538461538461538,5.538461538461538,3.7692307692307687,2.5384615384615383,4.846153846153847
295,虹色Passions!,123,210,*,3.0273972602739727,2.4520547945205484,5.123287671232877,3.671232876712329,2.3150684931506853,2.191780821917808
296,ドラえもんえかきうた,124,211,*,3.1666666666666665,1.1666666666666667,5.0,3.8333333333333335,2.5,2.0
297,虫のこえ,82,214,*,2.4166666666666665,0.8333333333333334,9.416666666666666,5.916666666666668,2.583333333333333,2.833333333333333
298,また逢う日まで,127,216,https://itunes.apple.com/jp/album/id389730549?i=389730553&uo=4&app=itunes&at=1l3v3es,1.5263157894736843,2.6842105263157894,10.947368421052632,5.105263157894737,1.7894736842105263,1.8947368421052635
299,いいから,84,217,https://itunes.apple.com/jp/album/id1021874028?i=1021874547&uo=4&app=itunes&at=1l3v3es,3.1666666666666665,1.5666666666666669,3.8333333333333335,3.866666666666666,4.766666666666667,3.9
300,Happiness,39,218,*,2.208333333333333,4.166666666666667,4.25,3.0,2.583333333333333,3.0
301,糸,128,219,https://itunes.apple.com/jp/album/id118594595?i=118593606&uo=4&app=itunes&at=1l3v3es,1.5714285714285714,2.8571428571428568,7.2857142857142865,3.619047619047618,2.761904761904762,2.9047619047619047
302,Believe,39,220,*,2.5555555555555562,3.5555555555555562,5.2592592592592595,3.259259259259258,2.814814814814815,2.833333333333333
303,Amazing Romance,10,3,*,4.7,1.9166666666666667,5.533333333333332,3.3833333333333333,3.716666666666667,2.1
304,コンセントレーション,129,221,https://itunes.apple.com/jp/album/id1533414465?i=1533414869&uo=4&app=itunes&at=1l3v3es,1.7450980392156863,3.450980392156864,4.7254901960784315,4.078431372549018,3.392156862745098,3.294117647058824
305,UB,97,148,*,2.0,2.7058823529411766,4.0588235294117645,3.7352941176470575,4.705882352941177,4.147058823529412
306,再恋愛,130,224,*,2.7894736842105257,2.4210526315789482,4.473684210526316,4.0,3.9210526315789473,2.2894736842105257
307,男の勲章,9,7,https://itunes.apple.com/jp/album/id206148128?i=206148203&uo=4&app=itunes&at=1l3v3es,1.4090909090909092,3.3636363636363638,4.227272727272728,5.136363636363637,1.7727272727272727,2.3181818181818183
308,夜明けの街,25,33,https://itunes.apple.com/jp/album/id582186071?i=582186107&uo=4&app=itunes&at=1l3v3es,1.7333333333333334,1.8,7.933333333333334,4.333333333333333,3.2666666666666666,3.333333333333333
309,ORION,27,35,https://itunes.apple.com/jp/album/id1532240365?i=1532240682&uo=4&app=itunes&at=1l3v3es,1.9523809523809523,4.333333333333333,4.714285714285714,4.285714285714286,2.619047619047619,2.5238095238095237
310,優しさ,21,27,https://itunes.apple.com/jp/album/id1505498769?i=1505498779&uo=4&app=itunes&at=1l3v3es,1.7916666666666667,2.6666666666666665,3.2916666666666665,3.5,4.0,4.0
311,DYING WISH,29,38,*,2.775,1.625,5.65,5.35,2.525,2.35
312,躍動,46,58,https://itunes.apple.com/jp/album/id1524242314?i=1524242315&uo=4&app=itunes&at=1l3v3es,1.8666666666666667,2.066666666666667,6.066666666666666,5.233333333333333,3.433333333333333,3.5
313,HANABI,45,68,*,2.5357142857142856,2.9107142857142856,5.607142857142856,4.035714285714286,2.0892857142857144,2.1785714285714284
314,夢見る少女じゃいられない,57,73,https://itunes.apple.com/jp/album/id690397816?i=690397818&uo=4&app=itunes&at=1l3v3es,1.2222222222222223,3.074074074074073,4.148148148148148,3.7037037037037037,4.2222222222222205,2.962962962962963
315,FEARS,58,79,https://itunes.apple.com/jp/album/id1526658550?i=1526658552&uo=4&app=itunes&at=1l3v3es,1.0833333333333333,5.0,4.208333333333333,4.666666666666667,2.875,4.75
316,イヨマンテの夜,63,84,https://itunes.apple.com/jp/album/id592044194?i=592044195&uo=4&app=itunes&at=1l3v3es,4.125,1.75,6.3125,5.0,3.8125,2.8125
317,STORY OF DUTY,66,87,*,1.7222222222222223,1.3333333333333333,10.694444444444443,6.277777777777778,2.1388888888888893,3.0555555555555562
318,何なんw,21,101,https://itunes.apple.com/jp/album/id1487744574?i=1487744576&uo=4&app=itunes&at=1l3v3es,2.270833333333333,3.020833333333333,9.979166666666666,4.666666666666667,2.270833333333333,2.8541666666666665
319,Bad Ass Temple Funky Sounds,77,113,https://itunes.apple.com/jp/album/id1486753960?i=1486753966&uo=4&app=itunes&at=1l3v3es,2.4411764705882355,1.8676470588235288,4.5,3.8088235294117654,2.8235294117647056,2.6029411764705883
320,サヨナラの意味,81,119,https://itunes.apple.com/jp/album/id1167463173?i=1167463709&uo=4&app=itunes&at=1l3v3es,2.0634920634920637,2.761904761904762,7.190476190476191,4.7936507936507935,2.015873015873016,2.5079365079365084
321,Love Situation,39,310,*,4.175,1.95,6.2,3.8,2.75,1.725
322,約束,149,311,*,4.972222222222221,2.4444444444444446,4.361111111111111,3.2222222222222223,2.6111111111111107,1.8333333333333333
323,純白トロイメライ,180,312,*,1.934782608695652,2.869565217391304,7.369565217391305,3.760869565217391,2.108695652173913,2.5869565217391304
324,Shine Smile Forever ～生命の絆～,181,313,https://itunes.apple.com/jp/album/id1475441843?i=1475441999&uo=4&app=itunes&at=1l3v3es,2.9166666666666665,2.458333333333333,2.9166666666666665,4.666666666666667,2.375,2.958333333333333
325,Sugar Step,149,314,*,3.7936507936507935,2.333333333333333,4.333333333333333,2.9365079365079363,3.4444444444444446,2.4285714285714284
326,Turning Up,39,18,https://itunes.apple.com/jp/album/id1535906999?i=1535907002&uo=4&app=itunes&at=1l3v3es,1.9423076923076923,2.173076923076924,7.0769230769230775,5.403846153846153,2.0961538461538463,2.6153846153846154
327,カンパイ・ソング,39,148,*,5.627450980392156,1.03921568627451,3.431372549019608,4.529411764705882,2.980392156862745,2.2549019607843137
328,感謝カンゲキ雨嵐,39,315,*,2.833333333333333,3.378787878787879,5.5606060606060606,3.484848484848485,2.333333333333333,2.4545454545454546
329,NOT FOUND,149,311,*,1.3404255319148937,2.1702127659574466,7.468085106382978,4.425531914893617,2.4255319148936167,3.191489361702128
330,Whenever You Call,39,278,*,5.230769230769232,3.0769230769230766,2.743589743589744,1.564102564102564,3.5384615384615383,2.1538461538461537
331,Love so sweet,39,316,*,5.0,5.592592592592593,3.740740740740741,2.5185185185185186,1.9259259259259256,1.7777777777777777
332,最低な君にさっきフラれました,182,317,*,1.9310344827586208,3.0,5.0,4.655172413793104,1.2758620689655171,2.034482758620689
333,枯葉,183,318,*,1.8888888888888888,3.611111111111111,3.5555555555555562,4.055555555555555,2.1666666666666665,3.1666666666666665
334,雫,184,319,*,1.4285714285714286,4.928571428571429,2.0,5.928571428571429,3.4285714285714284,3.7142857142857135
335,Arms Around Me,149,311,*,3.5233644859813085,2.0654205607476634,3.6822429906542062,2.9158878504672896,3.355140186915888,2.2242990654205608
336,スーパースター,185,157,https://itunes.apple.com/jp/album/id1485697870?i=1485697872&uo=4&app=itunes&at=1l3v3es,1.5609756097560976,2.609756097560976,6.2926829268292686,4.512195121951219,1.6097560975609757,2.975609756097561
337,ノンシュガー,78,320,*,1.5714285714285714,5.523809523809524,3.261904761904762,3.3571428571428568,2.8095238095238093,2.4285714285714284
338,T.A.B.O.O,186,260,*,3.4390243902439024,1.9268292682926829,7.195121951219512,3.317073170731707,2.4390243902439024,2.1707317073170733
339,神様のシンドローム,187,321,*,1.6,2.6,5.24,5.4,3.68,4.88
340,Rain,188,322,*,4.05,2.9,4.65,3.4,4.0,3.0
341,5×10,39,323,*,3.867924528301887,4.226415094339623,4.09433962264151,3.3584905660377364,2.339622641509434,2.452830188679245
342,I Can't Wait For Christmas,39,278,*,3.394736842105264,3.4210526315789487,3.763157894736842,2.394736842105264,2.3157894736842106,2.263157894736842
343,Q?,100,326,*,2.3877551020408165,2.3877551020408165,6.7346938775510194,4.857142857142857,1.8571428571428568,2.7551020408163267
344,ルート 16,78,319,*,2.05,2.6,6.55,3.6,4.2,2.85
345,Bad Girl,149,327,*,1.6857142857142855,3.1142857142857143,4.8,3.1428571428571432,1.6571428571428573,2.171428571428572
346,Count on me,39,328,*,3.2181818181818183,1.7272727272727273,4.818181818181818,3.8,3.709090909090909,2.5454545454545454
347,ヨクワラエ,185,325,*,3.1230769230769235,1.7846153846153847,5.907692307692307,4.723076923076923,2.3846153846153846,1.9538461538461536
348,素晴らしき世界,39,322,*,3.130434782608696,3.347826086956522,3.347826086956522,3.717391304347826,3.3260869565217392,2.5869565217391304
349,ユメニカケル,39,329,*,3.4444444444444446,2.1777777777777776,4.977777777777779,4.644444444444447,2.7333333333333334,2.7777777777777777
350,ライナウ,80,330,https://itunes.apple.com/jp/album/id1534232901?i=1534232902&uo=4&app=itunes&at=1l3v3es,2.0,2.84,5.52,4.2,3.8,3.76
351,まっしろ,189,331,https://itunes.apple.com/jp/album/id1439297631?i=1439297634&uo=4&app=itunes&at=1l3v3es,1.8148148148148149,4.518518518518519,3.851851851851852,3.962962962962963,2.6296296296296298,3.0
352,証拠,190,332,*,3.019607843137255,2.019607843137255,6.450980392156862,3.9411764705882364,2.2745098039215685,2.3529411764705883
353,ファイト！,128,333,https://itunes.apple.com/jp/album/id118594595?i=118594485&uo=4&app=itunes&at=1l3v3es,1.6976744186046508,1.3488372093023255,7.046511627906978,3.953488372093023,2.3023255813953494,2.953488372093023
354,Lucky Man,39,334,*,3.3720930232558137,1.8139534883720927,4.465116279069767,2.86046511627907,3.3720930232558137,2.4186046511627906
355,化粧,128,335,https://itunes.apple.com/jp/album/id118350918?i=118350852&uo=4&app=itunes&at=1l3v3es,1.8461538461538465,7.0,5.961538461538463,3.0,1.7692307692307692,1.5384615384615383
356,サロマ湖の歌,63,304,https://itunes.apple.com/jp/album/id592044194?i=592044359&uo=4&app=itunes&at=1l3v3es,1.8333333333333333,3.8333333333333335,6.833333333333332,3.333333333333333,2.5,4.9444444444444455
357,Black Reverie,180,312,https://itunes.apple.com/jp/album/id1535607269?i=1535607270&uo=4&app=itunes&at=1l3v3es,3.1463414634146343,2.6829268292682933,3.658536585365853,3.7804878048780486,3.902439024390244,3.5121951219512195
358,チカ,6,49,https://itunes.apple.com/jp/album/id1525539754?i=1525540127&uo=4&app=itunes&at=1l3v3es,2.1219512195121952,3.1463414634146343,4.975609756097562,4.634146341463413,1.9024390243902443,2.463414634146341
359,春を告げる,112,336,https://itunes.apple.com/jp/album/id1506186425?i=1506186636&uo=4&app=itunes&at=1l3v3es,1.5714285714285714,2.4,5.314285714285714,5.0285714285714285,3.085714285714286,4.057142857142857
360,リンゴの唄,191,337,https://itunes.apple.com/jp/album/id935540889?i=935544016&uo=4&app=itunes&at=1l3v3es,7.45,1.25,4.75,3.3,3.95,1.55
361,A-RA-SHI : Reborn,39,338,https://itunes.apple.com/jp/album/id1498271854?i=1498272217&uo=4&app=itunes&at=1l3v3es,4.170212765957447,2.3191489361702127,3.776595744680851,3.074468085106384,3.8617021276595755,2.180851063829788
362,男はつらいよ,192,339,https://itunes.apple.com/jp/album/id888165775?i=888165789&uo=4&app=itunes&at=1l3v3es,4.571428571428571,2.1785714285714284,5.607142857142856,3.5,2.4285714285714284,1.6428571428571428
363,レモンパイ,78,340,https://itunes.apple.com/jp/album/id1436147707?i=1436147861&uo=4&app=itunes&at=1l3v3es,2.28125,3.375,6.3125,4.15625,3.0,2.8125
364,生きるをする,78,341,https://itunes.apple.com/jp/album/id1530511845?i=1530511846&uo=4&app=itunes&at=1l3v3es,2.6944444444444446,3.388888888888889,5.0,4.0277777777777795,2.7777777777777777,2.9444444444444446
365,パーフェクト・ルーキーズ,69,342,*,2.2894736842105257,2.236842105263158,6.342105263157895,5.815789473684211,2.6052631578947367,2.631578947368421
366,ブルーベリー・ナイツ,78,343,https://itunes.apple.com/jp/album/id1451038602?i=1451038605&uo=4&app=itunes&at=1l3v3es,1.0277777777777777,3.8055555555555554,9.805555555555557,3.6666666666666665,1.5833333333333333,2.5277777777777777
367,お役御免,193,344,https://itunes.apple.com/jp/album/id1441963190?i=1441963198&uo=4&app=itunes&at=1l3v3es,1.9130434782608696,1.6956521739130437,7.608695652173912,6.043478260869565,1.5217391304347827,2.8260869565217392
368,煉瓦荘,26,345,*,2.7941176470588243,2.588235294117647,5.235294117647058,3.9705882352941178,3.7058823529411766,2.764705882352941
369,life hack,94,346,https://itunes.apple.com/jp/album/id1500981081?i=1500981082&uo=4&app=itunes&at=1l3v3es,2.92,2.0,5.66,5.46,2.76,3.18
370,導火線,69,347,*,2.1,1.5333333333333334,10.6,5.9,2.1,2.066666666666667
371,冬の蜂,26,345,*,1.8928571428571428,2.607142857142857,5.357142857142857,4.642857142857143,3.25,4.571428571428571
372,天城越え,194,348,*,1.1379310344827591,1.6896551724137931,11.20689655172414,4.0,2.1379310344827585,3.310344827586207
373,勝手にしやがれ,195,349,https://itunes.apple.com/jp/album/id208053984?i=208055361&uo=4&app=itunes&at=1l3v3es,1.8571428571428568,1.6785714285714286,8.178571428571429,5.857142857142858,2.3214285714285716,2.8571428571428568
374,あなた,141,247,https://itunes.apple.com/jp/album/id194047161?i=194049278&uo=4&app=itunes&at=1l3v3es,2.125,2.208333333333333,9.25,3.4166666666666665,1.9166666666666667,1.6666666666666667
375,打上花火,142,248,https://itunes.apple.com/jp/album/id1317721891?i=1317721894&uo=4&app=itunes&at=1l3v3es,2.303030303030303,2.696969696969697,4.818181818181818,3.1818181818181817,4.0606060606060606,2.878787878787879
376,ASH feat. Vaundy,143,30,https://itunes.apple.com/jp/album/id533373510?i=533373600&uo=4&app=itunes&at=1l3v3es,3.611111111111111,1.3333333333333333,8.333333333333334,3.7777777777777777,2.9444444444444446,2.1111111111111107
377,Sasanqua,144,249,*,3.6428571428571432,2.392857142857143,5.75,4.357142857142857,2.517857142857143,2.517857142857143
378,David Bowieのように,56,21,https://itunes.apple.com/jp/album/id950628211?i=950628223&uo=4&app=itunes&at=1l3v3es,2.0625,2.59375,7.0,4.375,2.9375,3.40625
379,足跡,139,245,https://itunes.apple.com/jp/album/id1527402897?i=1527403418&uo=4&app=itunes&at=1l3v3es,1.9649122807017545,3.263157894736842,6.0175438596491215,5.333333333333333,2.3684210526315788,2.736842105263158
380,Burning Free,56,250,*,3.7692307692307687,2.423076923076924,3.1538461538461537,5.384615384615384,4.961538461538462,5.1923076923076925
381,Never Mine,145,252,*,3.6,2.4833333333333334,3.983333333333333,3.333333333333333,3.1,2.183333333333333
382,アイリメンバーU,56,250,*,3.7058823529411766,3.0294117647058822,4.0588235294117645,2.9117647058823533,3.4117647058823533,3.1764705882352944
383,ダイヤモンド,146,253,https://itunes.apple.com/jp/album/id770736417?i=770736439&uo=4&app=itunes&at=1l3v3es,2.347826086956522,2.565217391304348,5.782608695652174,3.695652173913044,2.565217391304348,2.8260869565217392
384,賞味期限切れ I love you,56,250,*,2.5128205128205128,1.9487179487179491,4.871794871794871,4.17948717948718,4.589743589743589,3.0
385,化かしHOUR NIGHT,133,233,https://itunes.apple.com/jp/album/id1533193061?i=1533193064&uo=4&app=itunes&at=1l3v3es,2.0,1.6956521739130437,7.130434782608695,4.869565217391305,2.608695652173913,2.717391304347826
386,SISTER,11,235,https://itunes.apple.com/jp/album/id1059632443?i=1059632448&uo=4&app=itunes&at=1l3v3es,2.725,2.15,5.1,4.275,2.2,2.55
387,アスファルトのワニ,27,35,https://itunes.apple.com/jp/album/id1532240365?i=1532240374&uo=4&app=itunes&at=1l3v3es,3.571428571428572,2.8571428571428568,4.535714285714286,4.142857142857143,3.928571428571429,3.1428571428571432
388,DNA -Japanese ver.-,132,227,*,2.096774193548387,3.338709677419355,7.274193548387097,4.483870967741935,3.032258064516129,2.3548387096774195
389,PERSONALITY,27,35,https://itunes.apple.com/jp/album/id1532240365?i=1532240685&uo=4&app=itunes&at=1l3v3es,4.264705882352942,6.205882352941178,2.117647058823529,2.8235294117647056,3.7647058823529416,2.323529411764706
390,little more,134,163,https://itunes.apple.com/jp/album/id339892444?i=339892531&uo=4&app=itunes&at=1l3v3es,3.882352941176471,2.117647058823529,5.470588235294118,3.0294117647058822,2.5294117647058822,2.235294117647059
391,友へ,27,229,https://itunes.apple.com/jp/album/id555923644?i=555923753&uo=4&app=itunes&at=1l3v3es,0.9090909090909092,6.7727272727272725,7.5,4.136363636363637,1.3636363636363635,2.409090909090909
392,Dream,135,236,https://itunes.apple.com/jp/album/id907354369?i=907354529&uo=4&app=itunes&at=1l3v3es,3.76,2.16,4.56,3.16,2.36,2.4
393,ノンフィクション,62,237,https://itunes.apple.com/jp/album/id1231374311?i=1231374318&uo=4&app=itunes&at=1l3v3es,1.4516129032258065,3.0,6.096774193548387,4.258064516129032,2.3548387096774195,3.5483870967741935
394,ははうえさま,131,225,*,3.0,1.625,3.9583333333333335,3.458333333333333,1.375,1.7916666666666667
395,Snow World,48,60,*,6.9743589743589745,2.0,2.8717948717948723,3.128205128205128,3.1538461538461537,2.230769230769231
396,青い春,11,228,https://itunes.apple.com/jp/album/id1180805521?i=1180806420&uo=4&app=itunes&at=1l3v3es,2.2058823529411766,2.5,3.647058823529412,3.911764705882353,2.3529411764705883,2.4411764705882355
397,大不正解,11,230,https://itunes.apple.com/jp/album/id1423381455?i=1423381463&uo=4&app=itunes&at=1l3v3es,2.8048780487804885,1.0975609756097562,6.048780487804878,5.439024390243904,2.975609756097561,2.2439024390243905
398,わたがし,11,231,https://itunes.apple.com/jp/album/id575639190?i=575639329&uo=4&app=itunes&at=1l3v3es,3.607843137254902,2.3529411764705883,5.15686274509804,4.078431372549018,2.5098039215686274,2.0392156862745097
399,あかるいよるに,11,232,https://itunes.apple.com/jp/album/id1456062834?i=1456063412&uo=4&app=itunes&at=1l3v3es,2.0303030303030303,2.636363636363636,6.181818181818183,5.757575757575758,2.636363636363636,2.878787878787879
400,日曜日,11,234,https://itunes.apple.com/jp/album/id575639190?i=575639331&uo=4&app=itunes&at=1l3v3es,3.7142857142857135,2.0476190476190474,5.61904761904762,3.0952380952380962,2.952380952380953,2.6666666666666665
401,泡の影,10,3,*,2.9736842105263164,3.263157894736842,3.8684210526315774,4.552631578947368,3.210526315789473,2.9210526315789487
402,虹の向こうへ,24,239,https://itunes.apple.com/jp/album/id1519410580?i=1519410587&uo=4&app=itunes&at=1l3v3es,5.339285714285714,1.8392857142857144,3.75,2.4285714285714284,4.375,2.625
403,怪獣の花唄,94,241,https://itunes.apple.com/jp/album/id1510476293?i=1510476618&uo=4&app=itunes&at=1l3v3es,2.3650793650793656,2.7301587301587302,8.063492063492061,3.5396825396825395,1.9841269841269842,1.8888888888888888
404,Spring Day -Japanese ver.-,132,133,https://itunes.apple.com/jp/album/id950163878?i=950163879&uo=4&app=itunes&at=1l3v3es,3.842105263157895,2.6578947368421053,4.1842105263157885,4.552631578947368,4.078947368421051,4.315789473684212
405,カントリー・ロード,137,242,https://itunes.apple.com/jp/album/id1059661885?i=1059662340&uo=4&app=itunes&at=1l3v3es,2.333333333333333,2.5454545454545454,6.666666666666668,3.9393939393939386,2.696969696969697,2.4242424242424243
406,黒ネコのタンゴ,138,244,*,3.7428571428571433,1.7714285714285714,7.6571428571428575,5.142857142857143,2.4,1.6571428571428573
407,時のしおり,140,246,https://itunes.apple.com/jp/album/id1486694398?i=1486694399&uo=4&app=itunes&at=1l3v3es,3.0,2.45,2.55,4.2,4.55,3.6
408,サンサーラ,196,350,https://itunes.apple.com/jp/album/id1510294918?i=1510294920&uo=4&app=itunes&at=1l3v3es,2.419354838709677,2.7741935483870965,4.870967741935483,5.129032258064517,3.7419354838709684,3.3548387096774195
409,season,39,351,*,4.869565217391305,3.9565217391304346,4.434782608695652,2.8260869565217392,2.0,1.7826086956521738
410,PIKA★★NCHI DOUBLE,39,352,*,2.4473684210526314,2.8157894736842106,4.394736842105264,3.236842105263158,3.6842105263157885,4.026315789473684
411,BRAVE,39,353,*,2.736842105263158,1.8596491228070176,5.052631578947368,3.0701754385964914,4.0,3.0526315789473686
412,NEXT,197,354,https://itunes.apple.com/jp/album/id1349079276?i=1349079902&uo=4&app=itunes&at=1l3v3es,1.9310344827586208,2.413793103448276,4.655172413793104,4.172413793103448,3.1724137931034484,3.2758620689655173
413,Disco Star,198,37,*,2.675675675675676,2.5135135135135136,6.054054054054054,2.864864864864865,3.027027027027027,2.054054054054054
414,ファイトソング,39,355,*,3.1428571428571432,1.6071428571428572,6.428571428571429,4.928571428571429,1.6428571428571428,2.107142857142857
415,スパイシー,199,356,*,1.7142857142857142,1.2142857142857142,6.285714285714287,6.5,3.7857142857142856,3.3928571428571432
416,IN THE SUMMER,39,278,*,3.5384615384615383,2.6666666666666665,3.931623931623931,4.3418803418803416,3.888888888888889,3.05982905982906
417,水の星へ愛をこめて,201,358,https://itunes.apple.com/jp/album/id1244690110?i=1244690676&uo=4&app=itunes&at=1l3v3es,1.173913043478261,5.043478260869565,4.478260869565218,4.826086956521738,1.9130434782608696,2.4782608695652173
418,僕が僕のすべて,39,359,*,3.9642857142857135,2.642857142857143,4.928571428571429,3.7142857142857135,2.0714285714285716,2.107142857142857
419,君のうた,39,328,*,4.5555555555555545,3.074074074074073,3.0,3.259259259259258,2.4074074074074074,2.1111111111111107
420,覚醒,202,360,https://itunes.apple.com/jp/album/id1460579328?i=1460579330&uo=4&app=itunes&at=1l3v3es,1.9166666666666667,1.125,5.75,3.7916666666666665,2.125,4.583333333333333
421,告白,5,8,https://itunes.apple.com/jp/album/id1174776347?i=1174776614&uo=4&app=itunes&at=1l3v3es,3.0,2.0,5.0,3.928571428571429,1.821428571428572,2.142857142857143
422,永遠の夢に向かって,203,362,https://itunes.apple.com/jp/album/id75726705?i=75725734&uo=4&app=itunes&at=1l3v3es,2.4864864864864864,4.297297297297297,4.837837837837838,5.162162162162162,2.324324324324324,3.0
423,ゴールデンタイムラバー,108,363,https://itunes.apple.com/jp/album/id1216560208?i=1216560573&uo=4&app=itunes&at=1l3v3es,1.8297872340425527,1.4680851063829787,5.829787234042553,5.382978723404255,3.0851063829787235,4.0
424,快眠！安眠！スヤリスト生活,204,37,https://itunes.apple.com/jp/album/id1536535978?i=1536535979&uo=4&app=itunes&at=1l3v3es,3.2153846153846155,1.4615384615384617,5.307692307692308,5.323076923076923,2.523076923076923,2.3692307692307693
425,HEATS,205,10,https://itunes.apple.com/jp/album/id1479397582?i=1479397865&uo=4&app=itunes&at=1l3v3es,2.342857142857143,2.6285714285714294,5.7714285714285705,4.742857142857143,2.2,2.5714285714285716
426,Same Thing (feat. Superorganism),206,238,https://itunes.apple.com/jp/album/id1522636808?i=1522636810&uo=4&app=itunes&at=1l3v3es,2.6875,6.6875,2.5625,3.75,2.25,2.0
427,「ひとりで生きられそう」って それってねえ、褒めているの？,207,365,*,2.117647058823529,3.2647058823529416,6.470588235294117,3.7058823529411766,1.8235294117647056,2.2058823529411766
428,流星群,208,366,*,1.9473684210526316,2.3157894736842106,6.526315789473684,4.894736842105263,2.0,2.1052631578947367
429,堕教師,113,367,*,1.459016393442623,1.360655737704918,10.836065573770492,5.229508196721312,1.8852459016393444,2.2131147540983607
430,五ツ座流星群,209,368,https://itunes.apple.com/jp/album/id1537553991?i=1537553992&uo=4&app=itunes&at=1l3v3es,3.3552631578947367,1.6842105263157894,6.38157894736842,4.1842105263157885,3.236842105263158,2.421052631578948
431,有心論,5,369,https://itunes.apple.com/jp/album/id799658596?i=799658601&uo=4&app=itunes&at=1l3v3es,2.4473684210526314,4.0,4.815789473684211,3.7894736842105265,2.3157894736842106,2.631578947368421
432,夫婦春秋,210,370,https://itunes.apple.com/jp/album/id516170656?i=516170706&uo=4&app=itunes&at=1l3v3es,1.6666666666666667,1.8888888888888888,12.333333333333336,4.055555555555555,1.7222222222222223,1.8333333333333333
433,オドループ,211,280,https://itunes.apple.com/jp/album/id916163967?i=916163980&uo=4&app=itunes&at=1l3v3es,2.12,3.5,7.36,3.8,1.78,2.66
434,Eternal,212,371,*,3.333333333333333,2.571428571428572,5.523809523809524,4.238095238095238,1.2857142857142858,1.619047619047619
435,STRIKE the PRISON!!,165,372,https://itunes.apple.com/jp/album/id1537700813?i=1537700823&uo=4&app=itunes&at=1l3v3es,2.388235294117647,1.2941176470588236,7.6,5.588235294117646,3.0,2.494117647058824
436,浅草キッド,213,373,https://itunes.apple.com/jp/album/id1003698631?i=1003698831&uo=4&app=itunes&at=1l3v3es,2.1666666666666665,1.4583333333333333,6.0,4.416666666666667,2.5,2.375
437,Next Stage!!,165,374,https://itunes.apple.com/jp/album/id1492388645?i=1492388994&uo=4&app=itunes&at=1l3v3es,2.9090909090909087,1.7613636363636365,6.159090909090909,4.965909090909091,2.715909090909091,2.284090909090909
438,Very,165,372,https://itunes.apple.com/jp/album/id1537700813?i=1537700819&uo=4&app=itunes&at=1l3v3es,2.0943396226415096,1.6226415094339623,8.88679245283019,4.339622641509433,1.5283018867924532,2.1132075471698117
439,hello hello,214,375,https://itunes.apple.com/jp/album/id431218832?i=431218845&uo=4&app=itunes&at=1l3v3es,3.6206896551724137,4.103448275862069,4.137931034482759,3.4137931034482767,2.413793103448276,1.862068965517241
440,Prince,165,372,https://itunes.apple.com/jp/album/id1537700813?i=1537701115&uo=4&app=itunes&at=1l3v3es,2.372093023255814,2.0,7.116279069767443,4.395348837209301,1.9069767441860463,2.186046511627907
441,ウィークエンダー,41,376,*,3.1428571428571432,1.8285714285714283,5.314285714285714,4.085714285714285,4.114285714285714,2.7142857142857144
442,二人だけの世界,215,377,*,2.78125,2.34375,3.34375,4.25,3.625,2.65625
443,虜,216,378,https://itunes.apple.com/jp/album/id1464109399?i=1464109533&uo=4&app=itunes&at=1l3v3es,3.21875,2.71875,7.0,3.84375,2.0625,1.875
444,さよならアンドロメダ,217,379,*,3.0793650793650795,2.4603174603174605,6.571428571428571,4.380952380952381,1.9365079365079363,1.9365079365079363
445,ストロベリー・レボリューション,165,372,https://itunes.apple.com/jp/album/id1537700813?i=1537700821&uo=4&app=itunes&at=1l3v3es,3.5675675675675675,1.2567567567567568,7.486486486486488,5.0,3.5945945945945947,2.27027027027027
446,しこれども,218,380,https://itunes.apple.com/jp/album/id1061863671?i=1061863678&uo=4&app=itunes&at=1l3v3es,2.3076923076923075,2.4871794871794872,7.615384615384616,5.333333333333333,1.9743589743589745,2.230769230769231
447,炎のたからもの,219,381,https://itunes.apple.com/jp/album/id355444800?i=355444805&uo=4&app=itunes&at=1l3v3es,1.6666666666666667,2.8666666666666667,8.733333333333333,3.733333333333333,1.6666666666666667,2.2666666666666666
448,Torch of Liberty,17,382,https://itunes.apple.com/jp/album/id1533935612?i=1533935613&uo=4&app=itunes&at=1l3v3es,2.363636363636364,2.696969696969697,4.636363636363637,4.787878787878788,3.272727272727273,4.454545454545454
449,真夜中のドア,220,383,*,2.727272727272727,4.318181818181818,2.136363636363636,2.9090909090909087,2.3181818181818183,2.772727272727273
450,SUMMIT OF DIVISIONS,34,37,*,2.9348837209302325,1.2930232558139534,5.804651162790698,5.372093023255813,3.1953488372093024,2.8837209302325584
451,いつかまたここで,221,384,https://itunes.apple.com/jp/album/id292067907?i=292067962&uo=4&app=itunes&at=1l3v3es,3.772727272727273,4.045454545454546,3.4090909090909087,4.045454545454546,2.0454545454545454,2.590909090909091
452,ラブレター,223,387,https://itunes.apple.com/jp/album/id259675398?i=259675699&uo=4&app=itunes&at=1l3v3es,4.461538461538462,2.769230769230769,10.307692307692307,3.0769230769230766,2.0,1.8461538461538465
453,栞,224,388,*,3.4482758620689653,3.5517241379310347,3.7931034482758617,3.2068965517241383,2.9655172413793105,2.103448275862069
454,あっかん べ,225,389,https://itunes.apple.com/jp/album/id1434043135?i=1434043139&uo=4&app=itunes&at=1l3v3es,1.5714285714285714,8.6,6.7142857142857135,4.914285714285715,2.3142857142857145,2.257142857142857
455,マトリョーシカ,6,390,https://itunes.apple.com/jp/album/id1273709789?i=1273709798&uo=4&app=itunes&at=1l3v3es,1.8888888888888888,2.833333333333333,4.416666666666667,5.0555555555555545,2.6944444444444446,2.9722222222222223
456,ルパン三世のテーマ,226,293,*,4.647058823529412,2.0294117647058822,4.485294117647058,3.2647058823529416,2.867647058823529,1.8382352941176472
457,ホワイトアウト,228,392,https://itunes.apple.com/jp/album/id1300010469?i=1300010622&uo=4&app=itunes&at=1l3v3es,3.2888888888888888,3.066666666666667,6.311111111111112,4.933333333333334,2.0888888888888895,3.1777777777777776
458,学祭革命夜明け前,209,368,*,2.92156862745098,1.4509803921568627,5.450980392156863,4.764705882352942,4.03921568627451,3.372549019607843
459,Lazy Day,229,37,*,1.9852941176470589,1.6617647058823528,8.75,3.808823529411765,3.294117647058824,2.897058823529412
460,産声,230,395,https://itunes.apple.com/jp/album/id1534620389?i=1534620392&uo=4&app=itunes&at=1l3v3es,1.6,2.6,6.457142857142857,4.171428571428572,2.657142857142857,4.542857142857144
461,なごり雪,231,396,*,2.5217391304347827,1.9130434782608696,4.173913043478262,4.782608695652174,3.260869565217391,3.8260869565217392
462,マトリョシカ,232,397,https://itunes.apple.com/jp/album/id726965009?i=726965341&uo=4&app=itunes&at=1l3v3es,1.5932203389830508,2.101694915254237,8.8135593220339,6.016949152542372,3.2881355932203387,3.0508474576271185
463,あなたを求めただけなのに,60,108,https://itunes.apple.com/jp/album/id1528937901?i=1528937910&uo=4&app=itunes&at=1l3v3es,2.15625,2.84375,3.8125,3.65625,2.59375,3.4375
464,Step and a step,24,399,*,4.796296296296297,2.2777777777777777,4.0925925925925934,2.6296296296296298,3.4074074074074074,2.2407407407407405
465,RED PHOENIX,233,72,https://itunes.apple.com/jp/album/id75466337?i=75465805&uo=4&app=itunes&at=1l3v3es,2.0416666666666665,3.208333333333333,4.958333333333333,3.7916666666666665,2.4166666666666665,3.7083333333333335
466,ええじゃないか,190,400,*,2.5769230769230766,1.1730769230769231,11.403846153846152,3.2307692307692313,4.480769230769232,2.4423076923076925
467,One Love,39,401,*,2.380952380952381,3.7142857142857135,3.571428571428572,3.1904761904761907,1.761904761904762,2.095238095238096
468,Dear My Friend feat. Pentatonix,139,402,*,4.361111111111111,2.7777777777777777,4.472222222222221,3.4444444444444446,1.5555555555555556,1.7222222222222223
469,ミスティック／マインワルド,234,403,*,1.725,2.55,7.7,4.775,3.0,3.05
470,ハピネス,235,404,https://itunes.apple.com/jp/album/id497950476?i=497950479&uo=4&app=itunes&at=1l3v3es,4.378378378378378,3.3513513513513518,3.1621621621621623,3.189189189189189,3.2432432432432434,2.324324324324324
471,ブルーバード,236,405,https://itunes.apple.com/jp/album/id570079939?i=570079979&uo=4&app=itunes&at=1l3v3es,1.0740740740740742,2.1481481481481484,8.703703703703704,3.2592592592592586,2.1111111111111107,2.9259259259259265
472,だろ？,237,406,*,2.6666666666666665,2.380952380952381,6.095238095238094,4.9523809523809526,2.142857142857143,2.333333333333333
473,RPG,35,407,https://itunes.apple.com/jp/album/id955796371?i=955796477&uo=4&app=itunes&at=1l3v3es,4.933333333333334,2.5,4.3,3.466666666666667,1.9666666666666663,5.066666666666666
474,ラブヘイト,234,403,*,2.280701754385965,2.543859649122807,5.789473684210527,5.157894736842105,2.8421052631578947,2.8070175438596485
475,Imitation Rain,71,191,*,3.45,2.825,4.3,3.075,3.525,2.925
476,タカラモノ～この声がなくなるまで～,238,408,*,2.103448275862069,4.310344827586206,4.517241379310344,3.7586206896551726,2.862068965517241,2.2413793103448274
477,コノハ,239,409,*,2.1111111111111107,2.2666666666666666,6.022222222222222,4.822222222222221,3.088888888888889,3.8222222222222224
478,Baby I'm a star,24,410,https://itunes.apple.com/jp/album/id1519410580?i=1519410584&uo=4&app=itunes&at=1l3v3es,3.306451612903226,2.048387096774193,4.403225806451613,3.0645161290322585,3.5967741935483866,2.225806451612903
479,あたしが死んでも,240,411,*,2.1875,2.46875,8.5,3.625,1.53125,2.0
480,ソワレ,234,403,*,3.8333333333333335,2.6666666666666665,3.4,3.8,5.466666666666668,3.9
481,ホエールホール,241,412,*,1.8265306122448977,1.4693877551020411,8.13265306122449,4.540816326530612,3.1836734693877546,3.5102040816326534
482,歓喜の舞台,242,413,*,3.4242424242424243,3.2424242424242418,4.242424242424242,5.2727272727272725,1.8484848484848484,2.0
483,言えない,243,26,https://itunes.apple.com/jp/album/id1521414178?i=1521414185&uo=4&app=itunes&at=1l3v3es,2.1818181818181817,2.363636363636364,5.6818181818181825,4.818181818181818,1.7727272727272727,1.8636363636363635
484,雨言葉,234,403,*,3.15,2.95,6.3,3.325,2.275,2.775
485,空,244,415,*,3.72972972972973,2.8378378378378377,3.72972972972973,3.3783783783783785,3.0,1.9729729729729732
486,ハレルヤ,245,416,https://itunes.apple.com/jp/album/id1498402904?i=1498402906&uo=4&app=itunes&at=1l3v3es,3.333333333333333,4.814814814814816,4.25925925925926,3.111111111111111,2.4074074074074074,2.0370370370370368
487,創聖のアクエリオン,246,417,https://itunes.apple.com/jp/album/id208382232?i=208382235&uo=4&app=itunes&at=1l3v3es,1.3055555555555556,2.861111111111111,5.638888888888888,5.111111111111111,2.833333333333333,2.888888888888889
488,涙そうそう,247,418,https://itunes.apple.com/jp/album/id120976300?i=120976296&uo=4&app=itunes&at=1l3v3es,3.5,12.642857142857142,2.2142857142857144,2.642857142857143,1.3571428571428572,1.3571428571428572
489,ゆらゆら,44,419,*,2.8695652173913038,2.5217391304347827,5.695652173913044,3.652173913043478,2.6956521739130435,2.782608695652174
490,勘ぐれい,248,37,*,1.4642857142857142,1.75,6.8392857142857135,6.303571428571429,2.0535714285714284,2.5
491,"FAITH feat. なみちえ, GOMESS",73,420,*,2.802469135802469,2.2098765432098766,8.283950617283951,3.2962962962962963,2.938271604938272,2.3580246913580245
492,アマオト,130,422,*,3.282051282051282,3.282051282051282,7.0256410256410255,3.6666666666666665,3.5641025641025643,3.948717948717949
493,Boom Boom Boom,24,83,https://itunes.apple.com/jp/album/id1502502692?i=1502502693&uo=4&app=itunes&at=1l3v3es,0.7804878048780488,3.463414634146341,8.926829268292684,3.5853658536585367,1.9756097560975612,2.731707317073171
494,冬の花,245,423,https://itunes.apple.com/jp/album/id1451684197?i=1451684198&uo=4&app=itunes&at=1l3v3es,2.0588235294117645,7.147058823529411,5.147058823529412,3.4411764705882355,1.8823529411764703,1.9411764705882355
495,フランチェスカの鐘,249,424,*,1.8333333333333333,5.833333333333332,4.388888888888889,4.166666666666667,3.888888888888889,2.888888888888889
496,MOONBEAMS SATELLITE feat. K.A.N.T.A,73,278,https://itunes.apple.com/jp/album/id1516071672?i=1516071673&uo=4&app=itunes&at=1l3v3es,7.25,1.8461538461538465,3.5,2.1923076923076925,4.057692307692308,2.1730769230769234
497,ロマンス,250,425,https://itunes.apple.com/jp/album/id285939826?i=285939861&uo=4&app=itunes&at=1l3v3es,1.238095238095238,2.8571428571428568,8.04761904761905,4.523809523809524,1.809523809523809,2.333333333333333
498,モスラの歌,251,426,*,1.9411764705882355,1.4117647058823528,9.588235294117649,6.411764705882352,1.8823529411764703,3.5294117647058822
499,まぶしい草野球,125,427,*,2.642857142857143,1.5714285714285714,6.142857142857142,4.357142857142857,2.4285714285714284,3.2142857142857144
500,青春“サブリミナル”,252,428,https://itunes.apple.com/jp/album/id1538731637?i=1538731638&uo=4&app=itunes&at=1l3v3es,2.3857142857142857,1.8571428571428568,5.585714285714285,5.457142857142856,2.571428571428572,2.5285714285714285
501,メビウス,253,429,https://itunes.apple.com/jp/album/id1499305967?i=1499305977&uo=4&app=itunes&at=1l3v3es,1.2571428571428571,2.6,8.057142857142857,5.485714285714287,1.6,2.257142857142857
502,DESTINY,125,430,*,1.8666666666666667,3.066666666666667,6.366666666666666,3.933333333333333,3.1333333333333333,2.8
503,しゅきぴ,252,428,https://itunes.apple.com/jp/album/id1538731637?i=1538731639&uo=4&app=itunes&at=1l3v3es,1.8817204301075268,2.150537634408602,7.956989247311827,5.118279569892473,2.462365591397849,2.376344086021505
504,蛙化現象に悩んでる女の子の話。,254,431,*,1.0,2.784313725490196,8.137254901960784,4.980392156862745,1.5882352941176472,2.117647058823529
505,女優,250,432,https://itunes.apple.com/jp/album/id251380244?i=251382450&uo=4&app=itunes&at=1l3v3es,2.0,2.6153846153846154,5.615384615384616,4.115384615384615,2.1153846153846154,2.0384615384615383
506,悲しいくらいダイヤモンド,255,433,https://itunes.apple.com/jp/album/id1533618346?i=1533618347&uo=4&app=itunes&at=1l3v3es,2.4166666666666665,4.333333333333333,4.916666666666667,3.25,2.75,3.333333333333333
507,Howling,256,435,https://itunes.apple.com/jp/album/id1531484108?i=1531484109&uo=4&app=itunes&at=1l3v3es,1.9387755102040816,2.122448979591837,9.489795918367347,3.755102040816327,2.4693877551020407,2.8163265306122454
508,世情,128,335,https://itunes.apple.com/jp/album/id118350918?i=118350897&uo=4&app=itunes&at=1l3v3es,1.4166666666666667,2.333333333333333,8.625,4.333333333333333,1.625,2.25
509,夢？,257,177,https://itunes.apple.com/jp/album/id919904159?i=919904180&uo=4&app=itunes&at=1l3v3es,3.5161290322580645,1.6451612903225807,5.161290322580644,4.935483870967742,2.0,2.548387096774193
510,たきび,82,37,*,1.5714285714285714,1.809523809523809,3.6190476190476186,3.571428571428572,3.2857142857142856,3.571428571428572
511,線路は続くよどこまでも,82,436,*,2.5,2.1,7.85,5.4,2.75,2.4
512,inside you,259,438,https://itunes.apple.com/jp/album/id1450479991?i=1450479992&uo=4&app=itunes&at=1l3v3es,3.2045454545454546,2.4318181818181817,3.8181818181818175,1.9772727272727275,2.4318181818181817,2.090909090909091
513,DAY×DAY,261,440,https://itunes.apple.com/jp/album/id1007986101?i=1007986114&uo=4&app=itunes&at=1l3v3es,3.9583333333333335,1.6458333333333333,8.104166666666666,5.020833333333333,2.2916666666666665,3.020833333333333
514,us,259,441,https://itunes.apple.com/jp/album/id1474196828?i=1474196829&uo=4&app=itunes&at=1l3v3es,3.023809523809524,2.357142857142857,4.785714285714286,2.8095238095238093,2.4047619047619047,2.380952380952381
515,おべんとうばこのうた,82,442,*,3.1794871794871797,1.7179487179487178,5.897435897435898,3.4871794871794872,3.051282051282051,2.4871794871794872
516,ケジメなさい,175,303,*,3.5476190476190474,2.8571428571428568,9.047619047619047,4.214285714285714,4.738095238095238,2.4761904761904763
517,とんぼ,262,443,https://itunes.apple.com/jp/album/id890308594?i=890308602&uo=4&app=itunes&at=1l3v3es,1.1428571428571428,1.3214285714285714,10.464285714285714,5.392857142857144,1.9285714285714288,2.8571428571428568
518,ポケットからきゅんです！,263,444,*,4.67741935483871,2.838709677419355,4.806451612903227,3.645161290322581,2.0,2.032258064516129
519,やまぐちさんちのツトムくん,82,445,*,2.9166666666666665,1.9166666666666667,5.625,4.75,2.9166666666666665,2.333333333333333
520,有頂天,221,446,https://itunes.apple.com/jp/album/id666625900?i=666626053&uo=4&app=itunes&at=1l3v3es,1.878787878787879,1.7878787878787878,6.96969696969697,5.515151515151516,3.4242424242424243,3.757575757575758
521,世界はあなたの色になる,221,447,https://itunes.apple.com/jp/album/id1159249726?i=1159249733&uo=4&app=itunes&at=1l3v3es,1.625,2.25,5.34375,6.0,1.875,2.9375
522,C'mon,221,448,https://itunes.apple.com/jp/album/id454667912?i=454667915&uo=4&app=itunes&at=1l3v3es,3.1153846153846154,2.8076923076923075,4.538461538461538,4.653846153846154,2.0,2.423076923076923
523,Sunny drop,60,449,https://itunes.apple.com/jp/album/id1526090251?i=1526090252&uo=4&app=itunes&at=1l3v3es,3.9393939393939394,4.212121212121212,5.393939393939394,3.6666666666666665,2.393939393939394,2.5454545454545454
524,バレッタ,81,450,https://itunes.apple.com/jp/album/id738245836?i=738246029&uo=4&app=itunes&at=1l3v3es,2.1454545454545455,1.8,8.218181818181819,5.127272727272727,2.8,2.8363636363636364
525,再会 (produced by Ayase),264,451,https://itunes.apple.com/jp/album/id1537406648?i=1537406658&uo=4&app=itunes&at=1l3v3es,4.148936170212766,3.6382978723404253,3.8297872340425534,3.3617021276595747,2.6595744680851063,2.5319148936170213
526,HEAT,221,452,https://itunes.apple.com/jp/album/id953381024?i=953381029&uo=4&app=itunes&at=1l3v3es,1.967741935483871,3.0,6.483870967741935,4.870967741935484,2.129032258064516,2.3225806451612905
527,フキアレナサイ,221,447,https://itunes.apple.com/jp/album/id1177272108?i=1177272129&uo=4&app=itunes&at=1l3v3es,1.75,2.1666666666666665,12.5,4.972222222222222,1.5833333333333333,2.2222222222222223
528,WOLF,221,453,*,1.7575757575757576,1.5757575757575757,7.242424242424242,5.878787878787879,2.9393939393939394,3.090909090909091
529,声明,221,447,https://itunes.apple.com/jp/album/id1251263400?i=1251263401&uo=4&app=itunes&at=1l3v3es,2.1470588235294117,1.8235294117647058,4.9411764705882355,5.4411764705882355,3.2058823529411766,2.1176470588235294
530,RED,221,454,https://itunes.apple.com/jp/album/id1007961543?i=1007962057&uo=4&app=itunes&at=1l3v3es,1.4594594594594594,3.324324324324324,10.027027027027026,4.891891891891892,2.0,2.4054054054054053
531,シャンパンゴールド,265,455,*,2.0,1.7105263157894737,7.105263157894737,3.236842105263158,5.526315789473684,3.5789473684210527
532,兵、走る,221,453,https://itunes.apple.com/jp/album/id1466937136?i=1466937138&uo=4&app=itunes&at=1l3v3es,1.6,2.8333333333333335,7.5,4.833333333333333,2.1,2.5
533,ヒカリサス,41,52,*,1.6296296296296295,3.1481481481481484,6.851851851851852,3.2962962962962963,2.037037037037037,3.6666666666666665
